Year,DescrRegione,Occupati,MacroRegione,Settore,Percentage,PercentageOccupati,SummarisedCount
2018,Abruzzo,493923,Sud,Primario,0.0034500107812836913,9.7181139570337e-05,Very low (1-1000)
2018,Abruzzo,493923,Sud,Secondario,0.25537267303960326,0.007193428935279386,Low (1001-10000)
2018,Abruzzo,493923,Sud,Terziario,0.7411773161791131,0.02087774815102758,Moderate (10001-50000)
2018,Basilicata,185328,Sud,Primario,0.006207191780821918,0.00015647932314598898,Very low (1-1000)
2018,Basilicata,185328,Sud,Secondario,0.2071917808219178,0.005223171889838557,Very low (1-1000)
2018,Basilicata,185328,Sud,Terziario,0.7866010273972602,0.01982970732970733,Low (1001-10000)
2018,Calabria,540555,Sud,Primario,0.003157686994276693,5.919841644236e-05,Very low (1-1000)
2018,Calabria,540555,Sud,Secondario,0.1495954213538583,0.002804524978956813,Low (1001-10000)
2018,Calabria,540555,Sud,Terziario,0.8472468916518651,0.01588367511169076,Low (1001-10000)
2018,Campania,1640948,Sud,Primario,0.002521410250836847,3.5345422280291e-05,Very low (1-1000)
2018,Campania,1640948,Sud,Secondario,0.18706255705777508,0.0026222646908981876,Low (1001-10000)
2018,Campania,1640948,Sud,Terziario,0.8104160326913881,0.011360506243951669,Moderate (10001-50000)
2018,Emilia Romagna,1996335,NordEst,Primario,0.002987597994372199,0.00012923682648453198,Very low (1-1000)
2018,Emilia Romagna,1996335,NordEst,Secondario,0.28611461722848175,0.012376680266588523,Moderate (10001-50000)
2018,Emilia Romagna,1996335,NordEst,Terziario,0.710897784777146,0.0307518527702014,High (50001-100000)
2018,Friuli Venezia Giulia,507129,NordEst,Primario,0.002717862719019256,9.2678588682564e-05,Very low (1-1000)
2018,Friuli Venezia Giulia,507129,NordEst,Secondario,0.28757300641878214,0.009806183436561504,Low (1001-10000)
2018,Friuli Venezia Giulia,507129,NordEst,Terziario,0.7097091308621986,0.024200942955342725,Moderate (10001-50000)
2018,Lazio,2324973,Centro,Primario,0.0025093824254402517,4.8602714956259e-05,Very low (1-1000)
2018,Lazio,2324973,Centro,Secondario,0.13877106881925783,0.002687773148333335,Low (1001-10000)
2018,Lazio,2324973,Centro,Terziario,0.8587195487553019,0.016632021103040767,Moderate (10001-50000)
2018,Liguria,601566,NordOvest,Primario,0.00106620141514006,3.6571215793445e-05,Very low (1-1000)
2018,Liguria,601566,NordOvest,Secondario,0.19928273722981488,0.0068354926973931375,Low (1001-10000)
2018,Liguria,601566,NordOvest,Terziario,0.7996510613550449,0.02742841184508433,Moderate (10001-50000)
2018,Lombardia,4393446,NordOvest,Primario,0.001880731654544546,5.1440258967561996e-05,Very low (1-1000)
2018,Lombardia,4393446,NordOvest,Secondario,0.2714411730439559,0.007424240561964345,Moderate (10001-50000)
2018,Lombardia,4393446,NordOvest,Terziario,0.7266780953014996,0.019875514573298496,High (50001-100000)
2018,Marche,632187,Centro,Primario,0.003579059829059829,0.000105981299836915,Very low (1-1000)
2018,Marche,632187,Centro,Secondario,0.3002136752136752,0.008889774702738272,Low (1001-10000)
2018,Marche,632187,Centro,Terziario,0.6962072649572648,0.020615735533948024,Moderate (10001-50000)
2018,Molise,105958,Sud,Primario,0.002803738317757009,5.6626210385246e-05,Very low (1-1000)
2018,Molise,105958,Sud,Secondario,0.1859813084112149,0.0037562052888880496,Very low (1-1000)
2018,Molise,105958,Sud,Terziario,0.8112149532710279,0.016383850204798128,Low (1001-10000)
2018,Piemonte,1815546,NordOvest,Primario,0.001796870103006623,4.7368670361421997e-05,Very low (1-1000)
2018,Piemonte,1815546,NordOvest,Secondario,0.24017467248908297,0.00633142867214601,Moderate (10001-50000)
2018,Piemonte,1815546,NordOvest,Terziario,0.7580284574079105,0.01998296931060959,Moderate (10001-50000)
2018,Puglia,1201700,Sud,Primario,0.0029558232931726908,7.6558209203628e-05,Very low (1-1000)
2018,Puglia,1201700,Sud,Secondario,0.1839357429718876,0.004764084214030124,Low (1001-10000)
2018,Puglia,1201700,Sud,Terziario,0.8131084337349398,0.02106016476658068,Moderate (10001-50000)
2018,Sardegna,573750,0,0,0.0,0.0,No injuries
2018,Sicilia,1342938,Sud,Primario,0.002442218525466322,5.1379884998413e-05,Very low (1-1000)
2018,Sicilia,1342938,Sud,Secondario,0.15216083247796697,0.003201190226205528,Low (1001-10000)
2018,Sicilia,1342938,Sud,Terziario,0.8453969489965667,0.017785631205610386,Moderate (10001-50000)
2018,Toscana,1578180,Centro,Primario,0.004938221427410177,0.000153974831768239,Very low (1-1000)
2018,Toscana,1578180,Centro,Secondario,0.24428954641521702,0.007617001862905373,Moderate (10001-50000)
2018,Toscana,1578180,Centro,Terziario,0.7507722321573728,0.023409243559036362,Moderate (10001-50000)
2018,Total,22958728,Total,Primario,0.002862109032423516,7.875000740459101e-05,Low (1001-10000)
2018,Total,22958728,Total,Secondario,0.2465877898122849,0.006784783547241816,Very High (100001-200000)
2018,Total,22958728,Total,Terziario,0.7505501011552915,0.020651144087773507,Extremely High (200001+)
2018,Trentino Alto Adige,496171,NordEst,Primario,0.005618668744617151,0.000276114484724016,Very low (1-1000)
2018,Trentino Alto Adige,496171,NordEst,Secondario,0.23426157568797934,0.011512160122215929,Low (1001-10000)
2018,Trentino Alto Adige,496171,NordEst,Terziario,0.7601197555674035,0.037354057371349794,Moderate (10001-50000)
2018,Umbria,349450,Centro,Primario,0.006644838212634823,0.000197453140649592,Very low (1-1000)
2018,Umbria,349450,Centro,Secondario,0.24932588597842842,0.007408785233939047,Low (1001-10000)
2018,Umbria,349450,Centro,Terziario,0.7440292758089369,0.02210902847331521,Low (1001-10000)
2018,Valle D'Aosta,54777,NordOvest,Primario,0.001976284584980237,5.4767511911933e-05,Very low (1-1000)
2018,Valle D'Aosta,54777,NordOvest,Secondario,0.1732542819499341,0.0048012852109462,Very low (1-1000)
2018,Valle D'Aosta,54777,NordOvest,Terziario,0.8247694334650856,0.02285630830458039,Low (1001-10000)
2018,Veneto,2123868,NordEst,Primario,0.002639551666298256,9.558032796765099e-05,Very low (1-1000)
2018,Veneto,2123868,NordEst,Secondario,0.3204909826153666,0.011605241003678195,Moderate (10001-50000)
2018,Veneto,2123868,NordEst,Terziario,0.6768694657183352,0.024509997796473223,High (50001-100000)
2019,Abruzzo,492615,Sud,Primario,0.003362223550508069,9.134922809902199e-05,Very low (1-1000)
2019,Abruzzo,492615,Sud,Secondario,0.2482068141063957,0.00674360301655451,Low (1001-10000)
2019,Abruzzo,492615,Sud,Terziario,0.7484309623430963,0.020334338174842422,Moderate (10001-50000)
2019,Basilicata,187581,Sud,Primario,0.006280092108017585,0.00015993090984694602,Very low (1-1000)
2019,Basilicata,187581,Sud,Secondario,0.19552020096294742,0.004979182326568255,Very low (1-1000)
2019,Basilicata,187581,Sud,Terziario,0.798199706929035,0.02032721864154685,Low (1001-10000)
2019,Calabria,538640,Sud,Primario,0.003124055225234304,5.7552354076934e-05,Very low (1-1000)
2019,Calabria,538640,Sud,Secondario,0.14703214753602742,0.002708673696717659,Low (1001-10000)
2019,Calabria,538640,Sud,Terziario,0.8498437972387383,0.015656096836477052,Low (1001-10000)
2019,Campania,1625581,Sud,Primario,0.001511748445058742,2.1530763462417e-05,Very low (1-1000)
2019,Campania,1625581,Sud,Secondario,0.19095542501727716,0.0027196430076385,Low (1001-10000)
2019,Campania,1625581,Sud,Terziario,0.807532826537664,0.01150111867695304,Moderate (10001-50000)
2019,Emilia Romagna,2026012,NordEst,Primario,0.002555745738469835,0.00010760054728204901,Very low (1-1000)
2019,Emilia Romagna,2026012,NordEst,Secondario,0.28724002907453866,0.01209321563741972,Moderate (10001-50000)
2019,Emilia Romagna,2026012,NordEst,Terziario,0.7102042251869914,0.02990061263210682,High (50001-100000)
2019,Friuli Venezia Giulia,508166,NordEst,Primario,0.002565747273893521,8.658587941735499e-05,Very low (1-1000)
2019,Friuli Venezia Giulia,508166,NordEst,Secondario,0.2905708787684413,0.009805850844015538,Low (1001-10000)
2019,Friuli Venezia Giulia,508166,NordEst,Terziario,0.7068633739576652,0.02385440977948151,Moderate (10001-50000)
2019,Lazio,2333459,Centro,Primario,0.002052164702767112,3.9854996380909e-05,Very low (1-1000)
2019,Lazio,2333459,Centro,Secondario,0.14182002736219604,0.002754280233764553,Low (1001-10000)
2019,Lazio,2333459,Centro,Terziario,0.8561278079350368,0.016626818812758227,Moderate (10001-50000)
2019,Liguria,601748,NordOvest,Primario,0.001299826689774696,4.4869280828519e-05,Very low (1-1000)
2019,Liguria,601748,NordOvest,Secondario,0.2070094357789332,0.007145848428245711,Low (1001-10000)
2019,Liguria,601748,NordOvest,Terziario,0.7916907375312922,0.027328715675000167,Moderate (10001-50000)
2019,Lombardia,4451020,NordOvest,Primario,0.001656607700312174,4.4708853251614e-05,Very low (1-1000)
2019,Lombardia,4451020,NordOvest,Secondario,0.27261602497398546,0.007357414704944035,Moderate (10001-50000)
2019,Lombardia,4451020,NordOvest,Terziario,0.7257273673257025,0.019586072405875503,High (50001-100000)
2019,Marche,632493,Centro,Primario,0.003978432706904675,0.00012015943259451,Very low (1-1000)
2019,Marche,632493,Centro,Secondario,0.3002146259749778,0.009067294025388424,Low (1001-10000)
2019,Marche,632493,Centro,Terziario,0.6958069413181175,0.02101525234271368,Moderate (10001-50000)
2019,Molise,108495,Sud,Primario,0.004010025062656641,7.3736116871745e-05,Very low (1-1000)
2019,Molise,108495,Sud,Secondario,0.17894736842105263,0.003290474215401631,Very low (1-1000)
2019,Molise,108495,Sud,Terziario,0.8170426065162907,0.015023733812618094,Low (1001-10000)
2019,Piemonte,1812535,NordOvest,Primario,0.001527835914608623,4.0275084343198e-05,Very low (1-1000)
2019,Piemonte,1812535,NordOvest,Secondario,0.23922143156132272,0.006306085123873471,Moderate (10001-50000)
2019,Piemonte,1812535,NordOvest,Terziario,0.7592507325240686,0.020014510064633236,Moderate (10001-50000)
2019,Puglia,1216063,Sud,Primario,0.0025174283501161895,6.4141413726098e-05,Very low (1-1000)
2019,Puglia,1216063,Sud,Secondario,0.18409501678285564,0.004690546460175172,Low (1001-10000)
2019,Puglia,1216063,Sud,Terziario,0.8133875548670282,0.020724255240065687,Moderate (10001-50000)
2019,Sardegna,582033,0,0,0.0,0.0,No injuries
2019,Sicilia,1341533,Sud,Primario,0.001718336077897902,3.5779962177598004e-05,Very low (1-1000)
2019,Sicilia,1341533,Sud,Secondario,0.15722775112765805,0.003273866539250246,Low (1001-10000)
2019,Sicilia,1341533,Sud,Terziario,0.8410539127944441,0.017512800654176975,Moderate (10001-50000)
2019,Toscana,1584130,Centro,Primario,0.004239426668012516,0.000132564877882497,Very low (1-1000)
2019,Toscana,1584130,Centro,Secondario,0.2425557686484304,0.00758460479884858,Moderate (10001-50000)
2019,Toscana,1584130,Centro,Terziario,0.7532048046835571,0.02355235997045697,Moderate (10001-50000)
2019,Total,23109405,Total,Primario,0.002587352867081678,7.0663870402548e-05,Low (1001-10000)
2019,Total,23109405,Total,Secondario,0.24750177058593323,0.006759585545365621,Very High (100001-200000)
2019,Total,23109405,Total,Terziario,0.7499108765469851,0.02048101195162749,Extremely High (200001+)
2019,Trentino Alto Adige,500166,NordEst,Primario,0.005156748792665957,0.000251916363767229,Very low (1-1000)
2019,Trentino Alto Adige,500166,NordEst,Secondario,0.23978881885896702,0.011714110915176159,Low (1001-10000)
2019,Trentino Alto Adige,500166,NordEst,Terziario,0.755054432348367,0.03688575392969534,Moderate (10001-50000)
2019,Umbria,358279,Centro,Primario,0.006312417561710948,0.000187005099377859,Very low (1-1000)
2019,Umbria,358279,Centro,Secondario,0.2520256265309968,0.007466248370683183,Low (1001-10000)
2019,Umbria,358279,Centro,Terziario,0.7416619559072921,0.021971703616455333,Low (1001-10000)
2019,Valle D'Aosta,55199,NordOvest,Secondario,0.18106427090532132,0.004746462798239099,Very low (1-1000)
2019,Valle D'Aosta,55199,NordOvest,Terziario,0.8189357290946786,0.02146778021340966,Low (1001-10000)
2019,Veneto,2153657,NordEst,Primario,0.002906113170504888,0.00010447346072285399,Very low (1-1000)
2019,Veneto,2153657,NordEst,Secondario,0.31884582100926084,0.01146236378401946,Moderate (10001-50000)
2019,Veneto,2153657,NordEst,Terziario,0.6782480658202342,0.02438271275323787,High (50001-100000)
2020,Abruzzo,475361,Sud,Primario,0.0027805184321463812,6.5213595562109e-05,Very low (1-1000)
2020,Abruzzo,475361,Sud,Secondario,0.23383263072921337,0.005484253020336123,Low (1001-10000)
2020,Abruzzo,475361,Sud,Terziario,0.7633868508386402,0.017904287478358552,Low (1001-10000)
2020,Basilicata,183695,Sud,Primario,0.006590621039290241,0.000141538964043659,Very low (1-1000)
2020,Basilicata,183695,Sud,Secondario,0.19163498098859322,0.004115517569884863,Very low (1-1000)
2020,Basilicata,183695,Sud,Terziario,0.8017743979721166,0.017218759356542098,Low (1001-10000)
2020,Calabria,513834,Sud,Primario,0.004666483667307164,6.6169229751242e-05,Very low (1-1000)
2020,Calabria,513834,Sud,Secondario,0.1579741970903102,0.0022400230424611837,Low (1001-10000)
2020,Calabria,513834,Sud,Terziario,0.8373593192423826,0.011873484432715624,Low (1001-10000)
2020,Campania,1569819,Sud,Primario,0.001250781738586616,1.7836451208705998e-05,Very low (1-1000)
2020,Campania,1569819,Sud,Secondario,0.16662199589028856,0.002376070107445508,Low (1001-10000)
2020,Campania,1569819,Sud,Terziario,0.8321272223711247,0.011866336182706414,Moderate (10001-50000)
2020,Emilia Romagna,1966238,NordEst,Primario,0.002893165605366539,0.00010375142785359601,Very low (1-1000)
2020,Emilia Romagna,1966238,NordEst,Secondario,0.2555629618073776,0.00916470946040103,Moderate (10001-50000)
2020,Emilia Romagna,1966238,NordEst,Terziario,0.741543872587256,0.026592406412651978,High (50001-100000)
2020,Friuli Venezia Giulia,506216,NordEst,Primario,0.002737981534543139,8.4943976484346e-05,Very low (1-1000)
2020,Friuli Venezia Giulia,506216,NordEst,Secondario,0.2655842088506845,0.00823956571898162,Low (1001-10000)
2020,Friuli Venezia Giulia,506216,NordEst,Terziario,0.7316778096147724,0.022699796134456437,Moderate (10001-50000)
2020,Lazio,2258785,Centro,Primario,0.002399115831468851,3.940171375319e-05,Very low (1-1000)
2020,Lazio,2258785,Centro,Secondario,0.12917486589212065,0.002121494520284135,Low (1001-10000)
2020,Lazio,2258785,Centro,Terziario,0.8684260182764105,0.01426253494688516,Moderate (10001-50000)
2020,Liguria,579517,NordOvest,Primario,0.001089211618257261,3.6237073286891996e-05,Very low (1-1000)
2020,Liguria,579517,NordOvest,Secondario,0.17427385892116182,0.005797931725902778,Low (1001-10000)
2020,Liguria,579517,NordOvest,Terziario,0.8246369294605809,0.027434915628014356,Moderate (10001-50000)
2020,Lombardia,4315137,NordOvest,Primario,0.001329798791882143,3.5456579941726e-05,Very low (1-1000)
2020,Lombardia,4315137,NordOvest,Secondario,0.20721394115857636,0.005524969427390138,Moderate (10001-50000)
2020,Lombardia,4315137,NordOvest,Terziario,0.7914562600495415,0.02110269036649358,High (50001-100000)
2020,Marche,611817,Centro,Primario,0.0036225095247017667,9.4799588765921e-05,Very low (1-1000)
2020,Marche,611817,Centro,Secondario,0.2594466304415714,0.006789611926442058,Low (1001-10000)
2020,Marche,611817,Centro,Terziario,0.7369308600337267,0.01928517841119158,Moderate (10001-50000)
2020,Molise,103979,Sud,Primario,0.0032467532467532465,4.8086632877792e-05,Very low (1-1000)
2020,Molise,103979,Sud,Secondario,0.19480519480519484,0.002885197972667558,Very low (1-1000)
2020,Molise,103979,Sud,Terziario,0.801948051948052,0.01187739832081478,Low (1001-10000)
2020,Piemonte,1748168,NordOvest,Primario,0.0017568794662244848,5.091043881366e-05,Very low (1-1000)
2020,Piemonte,1748168,NordOvest,Secondario,0.1624620000789609,0.004707785521757634,Low (1001-10000)
2020,Piemonte,1748168,NordOvest,Terziario,0.8357811204548146,0.024219068190242585,Moderate (10001-50000)
2020,Puglia,1188112,Sud,Primario,0.0026942430365703867,5.7233661472992e-05,Very low (1-1000)
2020,Puglia,1188112,Sud,Secondario,0.1711240540433456,0.00363517917502727,Low (1001-10000)
2020,Puglia,1188112,Sud,Terziario,0.826181702920084,0.017550533956394686,Moderate (10001-50000)
2020,Sardegna,551740,0,0,0.0,0.0,No injuries
2020,Sicilia,1305304,Sud,Primario,0.002206726101156324,3.8305253029178996e-05,Very low (1-1000)
2020,Sicilia,1305304,Sud,Secondario,0.15685409127019154,0.0027227373853140717,Low (1001-10000)
2020,Sicilia,1305304,Sud,Terziario,0.840939182628652,0.01459736582435969,Moderate (10001-50000)
2020,Toscana,1544467,Centro,Primario,0.006431645630833213,0.00017222770055948098,Very low (1-1000)
2020,Toscana,1544467,Centro,Secondario,0.2107210213259829,0.005642723347277734,Low (1001-10000)
2020,Toscana,1544467,Centro,Terziario,0.782847333043184,0.020963219026369617,Moderate (10001-50000)
2020,Total,22385258,Total,Primario,0.002666966165540871,6.6829696579775e-05,Low (1001-10000)
2020,Total,22385258,Total,Secondario,0.2097330003191089,0.005255557027754605,Very High (100001-200000)
2020,Total,22385258,Total,Terziario,0.7876000335153502,0.019735935140886025,Extremely High (200001+)
2020,Trentino Alto Adige,486175,NordEst,Primario,0.004821428571428571,0.000222142232735126,Very low (1-1000)
2020,Trentino Alto Adige,486175,NordEst,Secondario,0.20986607142857142,0.009669357741553967,Low (1001-10000)
2020,Trentino Alto Adige,486175,NordEst,Terziario,0.7853125,0.03618244459299635,Moderate (10001-50000)
2020,Umbria,348364,Centro,Primario,0.004983802641415399,0.000114822427116464,Very low (1-1000)
2020,Umbria,348364,Centro,Secondario,0.24433092449539,0.005629169489384666,Low (1001-10000)
2020,Umbria,348364,Centro,Terziario,0.7506852728631946,0.01729512808441745,Low (1001-10000)
2020,Valle D'Aosta,53103,NordOvest,Primario,0.000587889476778365,1.8831327796921998e-05,Very low (1-1000)
2020,Valle D'Aosta,53103,NordOvest,Secondario,0.12639623750734866,0.004048735476338437,Very low (1-1000)
2020,Valle D'Aosta,53103,NordOvest,Terziario,0.873015873015873,0.027964521778430604,Low (1001-10000)
2020,Veneto,2075427,NordEst,Primario,0.0026402831776243256,8.7692797674888e-05,Very low (1-1000)
2020,Veneto,2075427,NordEst,Secondario,0.27664945163349386,0.00918847061351712,Moderate (10001-50000)
2020,Veneto,2075427,NordEst,Terziario,0.7207102651888817,0.023937242793892533,Moderate (10001-50000)
2021,Abruzzo,484387,Sud,Primario,0.003714902807775377,8.8771994293818e-05,Very low (1-1000)
2021,Abruzzo,484387,Sud,Secondario,0.2630669546436285,0.006286295874992517,Low (1001-10000)
2021,Abruzzo,484387,Sud,Terziario,0.7332181425485961,0.01752111431561954,Low (1001-10000)
2021,Basilicata,189066,Sud,Primario,0.0050420168067226885,0.000111072323950366,Very low (1-1000)
2021,Basilicata,189066,Sud,Secondario,0.21200480192076832,0.004670326764198745,Very low (1-1000)
2021,Basilicata,189066,Sud,Terziario,0.7829531812725091,0.01724794516200692,Low (1001-10000)
2021,Calabria,520963,Sud,Primario,0.0037697914048755972,5.7585663473220996e-05,Very low (1-1000)
2021,Calabria,520963,Sud,Secondario,0.174667001759236,0.002668135740925939,Low (1001-10000)
2021,Calabria,520963,Sud,Terziario,0.8215632068358885,0.012549835592930785,Low (1001-10000)
2021,Campania,1592095,Sud,Primario,0.0013271726307510809,1.6958787007056e-05,Very low (1-1000)
2021,Campania,1592095,Sud,Secondario,0.19253834054266608,0.002460280322468194,Low (1001-10000)
2021,Campania,1592095,Sud,Terziario,0.8061344868265827,0.01030089284873076,Moderate (10001-50000)
2021,Emilia Romagna,1978443,NordEst,Primario,0.002573985409637108,9.7551458394303e-05,Very low (1-1000)
2021,Emilia Romagna,1978443,NordEst,Secondario,0.2879929582160814,0.010914643484800928,Moderate (10001-50000)
2021,Emilia Romagna,1978443,NordEst,Terziario,0.7094330563742814,0.026886799366976962,High (50001-100000)
2021,Friuli Venezia Giulia,510300,NordEst,Primario,0.002628614344723995,8.2304526748971e-05,Very low (1-1000)
2021,Friuli Venezia Giulia,510300,NordEst,Secondario,0.2992239329077482,0.009368998628257888,Low (1001-10000)
2021,Friuli Venezia Giulia,510300,NordEst,Terziario,0.6981474527475278,0.021859690378208896,Moderate (10001-50000)
2021,Lazio,2265747,Centro,Primario,0.002254163572716664,3.7515221249327e-05,Very low (1-1000)
2021,Lazio,2265747,Centro,Secondario,0.15057812665747322,0.002506016779455076,Low (1001-10000)
2021,Lazio,2265747,Centro,Terziario,0.8471677097698102,0.014099102856585489,Moderate (10001-50000)
2021,Liguria,594600,NordOvest,Primario,0.0006252605252188411,2.0181634712411e-05,Very low (1-1000)
2021,Liguria,594600,NordOvest,Secondario,0.20534597749062108,0.0066279852001345455,Low (1001-10000)
2021,Liguria,594600,NordOvest,Terziario,0.7940287619841601,0.025628994281870165,Moderate (10001-50000)
2021,Lombardia,4332517,NordOvest,Primario,0.001908108516587319,4.662416789132e-05,Very low (1-1000)
2021,Lombardia,4332517,NordOvest,Secondario,0.27457870475326834,0.00670926392210348,Moderate (10001-50000)
2021,Lombardia,4332517,NordOvest,Terziario,0.7235131867301443,0.01767886888845445,High (50001-100000)
2021,Marche,616562,Centro,Primario,0.004191980558930741,0.00011191088649641,Very low (1-1000)
2021,Marche,616562,Centro,Secondario,0.3101458080194411,0.00827978370382865,Low (1001-10000)
2021,Marche,616562,Centro,Terziario,0.6856622114216282,0.01830472847823901,Moderate (10001-50000)
2021,Molise,100276,Sud,Primario,0.0034562211981566822,5.9834855797997e-05,Very low (1-1000)
2021,Molise,100276,Sud,Secondario,0.21831797235023043,0.0037795683912401766,Very low (1-1000)
2021,Molise,100276,Sud,Terziario,0.7782258064516128,0.013472815030515777,Low (1001-10000)
2021,Piemonte,1767300,NordOvest,Primario,0.001768346595932802,4.187178181406601e-05,Very low (1-1000)
2021,Piemonte,1767300,NordOvest,Secondario,0.24355389872631253,0.005766989192553613,Moderate (10001-50000)
2021,Piemonte,1767300,NordOvest,Terziario,0.7546777546777547,0.017869631641487013,Moderate (10001-50000)
2021,Puglia,1206761,Sud,Primario,0.0026967196619038032,5.5520521461996004e-05,Very low (1-1000)
2021,Puglia,1206761,Sud,Secondario,0.1968605353189777,0.004052998066725722,Low (1001-10000)
2021,Puglia,1206761,Sud,Terziario,0.8004427450191184,0.01647965090021968,Moderate (10001-50000)
2021,Sardegna,563197,0,0,0.0,0.0,No injuries
2021,Sicilia,1310864,Sud,Primario,0.002815501821795296,5.1874183744461004e-05,Very low (1-1000)
2021,Sicilia,1310864,Sud,Secondario,0.16404438555813183,0.0030224340587581932,Low (1001-10000)
2021,Sicilia,1310864,Sud,Terziario,0.833140112620073,0.015350181254500848,Moderate (10001-50000)
2021,Toscana,1546282,Centro,Primario,0.0045899983935005625,0.000129342513202637,Very low (1-1000)
2021,Toscana,1546282,Centro,Secondario,0.25426296100796364,0.007164928518860078,Moderate (10001-50000)
2021,Toscana,1546282,Centro,Terziario,0.7411470405985358,0.020884935606829802,Moderate (10001-50000)
2021,Total,22553956,Total,Primario,0.0026909576228427577,6.5975122058409e-05,Low (1001-10000)
2021,Total,22553956,Total,Secondario,0.2552250331396495,0.006257438828026445,Very High (100001-200000)
2021,Total,22553956,Total,Terziario,0.7420840092375077,0.01819392571307668,Extremely High (200001+)
2021,Trentino Alto Adige,487081,NordEst,Primario,0.005547850208044383,0.000246365594223548,Very low (1-1000)
2021,Trentino Alto Adige,487081,NordEst,Secondario,0.25533980582524274,0.011338976474138798,Low (1001-10000)
2021,Trentino Alto Adige,487081,NordEst,Terziario,0.7391123439667129,0.03282205629043219,Moderate (10001-50000)
2021,Umbria,354249,Centro,Primario,0.00605060506050605,0.000155258024722723,Very low (1-1000)
2021,Umbria,354249,Centro,Secondario,0.2675467546754676,0.006865227565921146,Low (1001-10000)
2021,Umbria,354249,Centro,Terziario,0.7264026402640265,0.018639431586257124,Low (1001-10000)
2021,Valle D'Aosta,52741,NordOvest,Secondario,0.19248120300751878,0.004853908723763296,Very low (1-1000)
2021,Valle D'Aosta,52741,NordOvest,Terziario,0.8075187969924812,0.0203636639426632,Low (1001-10000)
2021,Veneto,2080525,NordEst,Primario,0.002466860423903026,8.363273692938e-05,Very low (1-1000)
2021,Veneto,2080525,NordEst,Secondario,0.32627773445807046,0.011061631078694081,Moderate (10001-50000)
2021,Veneto,2080525,NordEst,Terziario,0.6712554051180265,0.02275723675514594,Moderate (10001-50000)
2022,Abruzzo,482849,Sud,Primario,0.002213228784621221,7.2486429504876e-05,Very low (1-1000)
2022,Abruzzo,482849,Sud,Secondario,0.19950676615657012,0.0065341338596538465,Low (1001-10000)
2022,Abruzzo,482849,Sud,Terziario,0.7982800050588087,0.02614481960198737,Moderate (10001-50000)
2022,Basilicata,188761,Sud,Primario,0.005604857543204111,0.000127144908111315,Very low (1-1000)
2022,Basilicata,188761,Sud,Secondario,0.18496029892573562,0.004195781967673407,Very low (1-1000)
2022,Basilicata,188761,Sud,Terziario,0.8094348435310601,0.018361843813075797,Low (1001-10000)
2022,Calabria,528974,Sud,Primario,0.0034059945504087193,6.6165822894887e-05,Very low (1-1000)
2022,Calabria,528974,Sud,Secondario,0.1561891786687427,0.0030341755927512496,Low (1001-10000)
2022,Calabria,528974,Sud,Terziario,0.8404048267808486,0.01632594418629271,Low (1001-10000)
2022,Campania,1641300,Sud,Primario,0.001376297759028214,2.8026564308779e-05,Very low (1-1000)
2022,Campania,1641300,Sud,Secondario,0.13269305568022022,0.0027021263632486443,Low (1001-10000)
2022,Campania,1641300,Sud,Terziario,0.8659306465607516,0.017633583135319562,Moderate (10001-50000)
2022,Emilia Romagna,2001272,NordEst,Primario,0.002661100328365132,0.00010893072006204,Very low (1-1000)
2022,Emilia Romagna,2001272,NordEst,Secondario,0.2802333955884328,0.01147120431405626,Moderate (10001-50000)
2022,Emilia Romagna,2001272,NordEst,Terziario,0.7171055040832021,0.029354330645709328,High (50001-100000)
2022,Friuli Venezia Giulia,520517,NordEst,Primario,0.002191034523598033,7.1083173075999e-05,Very low (1-1000)
2022,Friuli Venezia Giulia,520517,NordEst,Secondario,0.2860188310534731,0.009279235836677764,Low (1001-10000)
2022,Friuli Venezia Giulia,520517,NordEst,Terziario,0.7117901344229289,0.023092425415500363,Moderate (10001-50000)
2022,Lazio,2320883,Centro,Primario,0.001194611383727555,2.8006581977635e-05,Very low (1-1000)
2022,Lazio,2320883,Centro,Secondario,0.11359835327415413,0.0026632105108271294,Low (1001-10000)
2022,Lazio,2320883,Centro,Terziario,0.8852070353421183,0.02075287724542771,Moderate (10001-50000)
2022,Liguria,616116,NordOvest,Primario,0.0005648919644118059,2.5969135682240998e-05,Very low (1-1000)
2022,Liguria,616116,NordOvest,Secondario,0.1408699336251942,0.006476053210759013,Low (1001-10000)
2022,Liguria,616116,NordOvest,Terziario,0.858565174410394,0.03946984009504704,Moderate (10001-50000)
2022,Lombardia,4424396,NordOvest,Primario,0.001275567967393765,3.8197304219604003e-05,Very low (1-1000)
2022,Lombardia,4424396,NordOvest,Secondario,0.22758698769718466,0.006815167539252816,Moderate (10001-50000)
2022,Lombardia,4424396,NordOvest,Terziario,0.7711374443354215,0.02309196554738771,Very High (100001-200000)
2022,Marche,639261,Centro,Primario,0.003174939146999683,9.3858377094801e-05,Very low (1-1000)
2022,Marche,639261,Centro,Secondario,0.2917239919568208,0.008624020548727358,Low (1001-10000)
2022,Marche,639261,Centro,Terziario,0.7051010688961796,0.02084438124647053,Moderate (10001-50000)
2022,Molise,103093,Sud,Primario,0.0016460905349794238,3.8799918520171e-05,Very low (1-1000)
2022,Molise,103093,Sud,Secondario,0.17407407407407408,0.004103091383508094,Very low (1-1000)
2022,Molise,103093,Sud,Terziario,0.8242798353909465,0.01942905919897568,Low (1001-10000)
2022,Piemonte,1785318,NordOvest,Primario,0.001543011444001543,4.7050441433963004e-05,Very low (1-1000)
2022,Piemonte,1785318,NordOvest,Secondario,0.19587060746891016,0.005972605440599378,Moderate (10001-50000)
2022,Piemonte,1785318,NordOvest,Terziario,0.8025863810870884,0.024472951037294202,Moderate (10001-50000)
2022,Puglia,1266627,Sud,Primario,0.002060810810810811,4.8159402886564006e-05,Very low (1-1000)
2022,Puglia,1266627,Sud,Secondario,0.1821283783783784,0.004256185917401098,Low (1001-10000)
2022,Puglia,1266627,Sud,Terziario,0.8158108108108109,0.019064807555815563,Moderate (10001-50000)
2022,Sardegna,566151,0,0,0.0,0.0,No injuries
2022,Sicilia,1337017,Sud,Primario,0.001252405535021535,3.0665279499063005e-05,Very low (1-1000)
2022,Sicilia,1337017,Sud,Secondario,0.13852827076396734,0.003391879086055002,Low (1001-10000)
2022,Sicilia,1337017,Sud,Terziario,0.8602193237010112,0.021062559413979033,Moderate (10001-50000)
2022,Toscana,1617713,Centro,Primario,0.003857734286789612,0.00012672210707338,Very low (1-1000)
2022,Toscana,1617713,Centro,Secondario,0.2232404968009033,0.00733319198151959,Moderate (10001-50000)
2022,Toscana,1617713,Centro,Terziario,0.7729017689123071,0.0253889286913068,Moderate (10001-50000)
2022,Total,23099391,Total,Primario,0.002119867555434318,6.3248420705117e-05,Low (1001-10000)
2022,Total,23099391,Total,Secondario,0.21543426089025733,0.006427701925128675,Very High (100001-200000)
2022,Total,23099391,Total,Terziario,0.7824458715543083,0.023345074335509537,Extremely High (200001+)
2022,Trentino Alto Adige,506320,NordEst,Primario,0.005662661018414455,0.000258729657133828,Very low (1-1000)
2022,Trentino Alto Adige,506320,NordEst,Secondario,0.23765885709345558,0.010858745457418233,Low (1001-10000)
2022,Trentino Alto Adige,506320,NordEst,Terziario,0.7566784818881299,0.03457299731395165,Moderate (10001-50000)
2022,Umbria,352298,Centro,Primario,0.004754801417117285,0.000144763807912619,Very low (1-1000)
2022,Umbria,352298,Centro,Secondario,0.2349431288457953,0.0071530352145059,Low (1001-10000)
2022,Umbria,352298,Centro,Terziario,0.7603020697370875,0.0231480167358316,Low (1001-10000)
2022,Valle D'Aosta,55164,NordOvest,Primario,0.000599161174355901,1.8127764484083e-05,Very low (1-1000)
2022,Valle D'Aosta,55164,NordOvest,Secondario,0.15638106650689035,0.004731346530345877,Very low (1-1000)
2022,Valle D'Aosta,55164,NordOvest,Terziario,0.8430197723187537,0.025505764629105938,Low (1001-10000)
2022,Veneto,2145361,NordEst,Primario,0.00210419301833485,8.2969719315304e-05,Very low (1-1000)
2022,Veneto,2145361,NordEst,Secondario,0.28029505987493053,0.011052219183624574,Moderate (10001-50000)
2022,Veneto,2145361,NordEst,Terziario,0.7176007471067346,0.028295471018630433,High (50001-100000)
2023,Abruzzo,502116,Sud,Primario,0.002806173581880136,2.7882003361772e-05,Very low (1-1000)
2023,Abruzzo,502116,Sud,Secondario,0.2417318099819603,0.002401835432449872,Low (1001-10000)
2023,Abruzzo,502116,Sud,Terziario,0.7554620164361594,0.007506233619323025,Low (1001-10000)
2023,Basilicata,194175,Sud,Primario,0.015919811320754717,0.000139049826187717,Very low (1-1000)
2023,Basilicata,194175,Sud,Secondario,0.1792452830188679,0.001565598043002446,Very low (1-1000)
2023,Basilicata,194175,Sud,Terziario,0.8048349056603774,0.007029741212823484,Low (1001-10000)
2023,Calabria,539183,Sud,Primario,0.0014400921658986171,9.27328940267e-06,Very low (1-1000)
2023,Calabria,539183,Sud,Secondario,0.1310483870967742,0.0008438693356430001,Very low (1-1000)
2023,Calabria,539183,Sud,Terziario,0.8675115207373271,0.00558622953616861,Low (1001-10000)
2023,Campania,1683953,Sud,Primario,0.0029887093203453618,1.6033701653193e-05,Very low (1-1000)
2023,Campania,1683953,Sud,Secondario,0.15696258578702682,0.0008420662571936389,Low (1001-10000)
2023,Campania,1683953,Sud,Terziario,0.8400487048926278,0.004506657846151288,Low (1001-10000)
2023,Emilia Romagna,2023150,NordEst,Primario,0.004694835680751174,7.3647529842077e-05,Very low (1-1000)
2023,Emilia Romagna,2023150,NordEst,Secondario,0.23638025018117648,0.0037080789857400582,Low (1001-10000)
2023,Emilia Romagna,2023150,NordEst,Terziario,0.7589249141380722,0.011905197340780464,Moderate (10001-50000)
2023,Friuli Venezia Giulia,519916,NordEst,Primario,0.002736394040741867,3.4620977234784e-05,Very low (1-1000)
2023,Friuli Venezia Giulia,519916,NordEst,Secondario,0.23897841289145638,0.003023565345171143,Low (1001-10000)
2023,Friuli Venezia Giulia,519916,NordEst,Terziario,0.7582851930678018,0.0095938574692835,Low (1001-10000)
2023,Lazio,2375406,Centro,Primario,0.016124320850616346,0.000116190663827573,Very low (1-1000)
2023,Lazio,2375406,Centro,Secondario,0.12204241397441139,0.000879428611361594,Low (1001-10000)
2023,Lazio,2375406,Centro,Terziario,0.8618332651749722,0.006210306785450571,Moderate (10001-50000)
2023,Liguria,633017,NordOvest,Primario,0.001372597953581232,1.7377100457017e-05,Very low (1-1000)
2023,Liguria,633017,NordOvest,Secondario,0.17157474419765412,0.002172137557127217,Low (1001-10000)
2023,Liguria,633017,NordOvest,Terziario,0.8270526578487647,0.010470492893555781,Low (1001-10000)
2023,Lombardia,4500716,NordOvest,Primario,0.001660047489966168,1.7552762715976e-05,Very low (1-1000)
2023,Lombardia,4500716,NordOvest,Secondario,0.2217739393557335,0.002344960224106564,Moderate (10001-50000)
2023,Lombardia,4500716,NordOvest,Terziario,0.7765660131543004,0.008211137961159957,Moderate (10001-50000)
2023,Marche,641107,Centro,Primario,0.005070259307547443,5.4593071047422005e-05,Very low (1-1000)
2023,Marche,641107,Centro,Secondario,0.27162103433289875,0.002924628806111928,Low (1001-10000)
2023,Marche,641107,Centro,Terziario,0.7233087063595538,0.007788091535422325,Low (1001-10000)
2023,Molise,106313,Sud,Primario,0.0026917900403768506,1.881237478013e-05,Very low (1-1000)
2023,Molise,106313,Sud,Secondario,0.15343203230148048,0.001072305362467431,Very low (1-1000)
2023,Molise,106313,Sud,Terziario,0.8438761776581427,0.005897679493570871,Very low (1-1000)
2023,Piemonte,1800861,NordOvest,Primario,0.0026518021430890783,2.7209207151467996e-05,Very low (1-1000)
2023,Piemonte,1800861,NordOvest,Secondario,0.19985929213118303,0.0020506857553137083,Low (1001-10000)
2023,Piemonte,1800861,NordOvest,Terziario,0.797488905725728,0.008182752583347632,Moderate (10001-50000)
2023,Puglia,1292646,Sud,Primario,0.007958967102935975,6.9624630409253e-05,Very low (1-1000)
2023,Puglia,1292646,Sud,Secondario,0.1528121683763707,0.0013367929038576682,Low (1001-10000)
2023,Puglia,1292646,Sud,Terziario,0.8392288645206933,0.007341530473153516,Low (1001-10000)
2023,Sardegna,576709,0,0,0.0,0.0,No injuries
2023,Sicilia,1410776,Sud,Primario,0.004444856005185665,3.402382802089e-05,Very low (1-1000)
2023,Sicilia,1410776,Sud,Secondario,0.1372349291601074,0.0010504856901449979,Low (1001-10000)
2023,Sicilia,1410776,Sud,Terziario,0.8583202148347069,0.006570142956784067,Low (1001-10000)
2023,Toscana,1628035,Centro,Primario,0.0038046594048053374,4.4839330849766e-05,Very low (1-1000)
2023,Toscana,1628035,Centro,Secondario,0.21446812946265706,0.002527586937627262,Low (1001-10000)
2023,Toscana,1628035,Centro,Terziario,0.7817272111325376,0.009212946896104812,Moderate (10001-50000)
2023,Total,23579947,Total,Primario,0.0069280353868546906,6.2171471377777e-05,Low (1001-10000)
2023,Total,23579947,Total,Secondario,0.19933933195969827,0.001788850500809013,Moderate (10001-50000)
2023,Total,23579947,Total,Terziario,0.7937326326534468,0.007122874364391064,Very High (100001-200000)
2023,Trentino Alto Adige,507708,NordEst,Primario,0.05964718853362734,0.001065573124709478,Very low (1-1000)
2023,Trentino Alto Adige,507708,NordEst,Secondario,0.19327453142227122,0.003452772065833116,Low (1001-10000)
2023,Trentino Alto Adige,507708,NordEst,Terziario,0.7470782800441015,0.01334625414608397,Low (1001-10000)
2023,Umbria,361596,Centro,Primario,0.00463821892393321,5.5310346353388e-05,Very low (1-1000)
2023,Umbria,361596,Centro,Secondario,0.20106679035250466,0.002397703514419407,Very low (1-1000)
2023,Umbria,361596,Centro,Terziario,0.7942949907235621,0.009471896813017845,Low (1001-10000)
2023,Valle D'Aosta,56813,NordOvest,Primario,0.003460207612456747,3.52032105328e-05,Very low (1-1000)
2023,Valle D'Aosta,56813,NordOvest,Secondario,0.13667820069204153,0.001390526816045623,Very low (1-1000)
2023,Valle D'Aosta,56813,NordOvest,Terziario,0.8598615916955016,0.008747997817400948,Very low (1-1000)
2023,Veneto,2225751,0,0,0.0,0.0,No injuries
2024,Abruzzo,0,Sud,Primario,0.002530577815267819,0.0,Very low (1-1000)
2024,Abruzzo,0,Sud,Secondario,0.26528890763390967,0.0,Low (1001-10000)
2024,Abruzzo,0,Sud,Terziario,0.7321805145508224,0.0,Low (1001-10000)
2024,Basilicata,0,Sud,Primario,0.007845503922751962,0.0,Very low (1-1000)
2024,Basilicata,0,Sud,Secondario,0.1768255884127942,0.0,Very low (1-1000)
2024,Basilicata,0,Sud,Terziario,0.8153289076644539,0.0,Low (1001-10000)
2024,Calabria,0,Sud,Primario,0.002718868950516585,0.0,Very low (1-1000)
2024,Calabria,0,Sud,Secondario,0.16258836324089182,0.0,Very low (1-1000)
2024,Calabria,0,Sud,Terziario,0.8346927678085916,0.0,Low (1001-10000)
2024,Campania,0,Sud,Primario,0.001133016088828461,0.0,Very low (1-1000)
2024,Campania,0,Sud,Secondario,0.19612508497620668,0.0,Low (1001-10000)
2024,Campania,0,Sud,Terziario,0.8027418989349648,0.0,Low (1001-10000)
2024,Emilia Romagna,0,NordEst,Primario,0.001896235506232708,0.0,Very low (1-1000)
2024,Emilia Romagna,0,NordEst,Secondario,0.2493394261556157,0.0,Low (1001-10000)
2024,Emilia Romagna,0,NordEst,Terziario,0.7487643383381516,0.0,Moderate (10001-50000)
2024,Friuli Venezia Giulia,0,NordEst,Primario,0.002404568680492936,0.0,Very low (1-1000)
2024,Friuli Venezia Giulia,0,NordEst,Secondario,0.2538322813345356,0.0,Low (1001-10000)
2024,Friuli Venezia Giulia,0,NordEst,Terziario,0.7437631499849714,0.0,Low (1001-10000)
2024,Lazio,0,Centro,Primario,0.0019100538287897201,0.0,Very low (1-1000)
2024,Lazio,0,Centro,Secondario,0.14273311338774092,0.0,Low (1001-10000)
2024,Lazio,0,Centro,Terziario,0.8553568327834694,0.0,Moderate (10001-50000)
2024,Liguria,0,NordOvest,Primario,0.000628061801281246,0.0,Very low (1-1000)
2024,Liguria,0,NordOvest,Secondario,0.1913076246702676,0.0,Low (1001-10000)
2024,Liguria,0,NordOvest,Terziario,0.8080643135284512,0.0,Low (1001-10000)
2024,Lombardia,0,NordOvest,Primario,0.001155592241023524,0.0,Very low (1-1000)
2024,Lombardia,0,NordOvest,Secondario,0.2288278992983904,0.0,Moderate (10001-50000)
2024,Lombardia,0,NordOvest,Terziario,0.770016508460586,0.0,Moderate (10001-50000)
2024,Marche,0,Centro,Primario,0.0031713997405218393,0.0,Very low (1-1000)
2024,Marche,0,Centro,Secondario,0.2738936139541589,0.0,Low (1001-10000)
2024,Marche,0,Centro,Terziario,0.7229349863053193,0.0,Low (1001-10000)
2024,Molise,0,Sud,Primario,0.0025316455696202528,0.0,Very low (1-1000)
2024,Molise,0,Sud,Secondario,0.15822784810126586,0.0,Very low (1-1000)
2024,Molise,0,Sud,Terziario,0.8392405063291138,0.0,Very low (1-1000)
2024,Piemonte,0,NordOvest,Primario,0.001196856949575896,0.0,Very low (1-1000)
2024,Piemonte,0,NordOvest,Secondario,0.2117396055575792,0.0,Low (1001-10000)
2024,Piemonte,0,NordOvest,Terziario,0.7870635374928449,0.0,Moderate (10001-50000)
2024,Puglia,0,Sud,Primario,0.0020306286487858528,0.0,Very low (1-1000)
2024,Puglia,0,Sud,Secondario,0.1669345968356037,0.0,Low (1001-10000)
2024,Puglia,0,Sud,Terziario,0.8310347745156105,0.0,Low (1001-10000)
2024,Sicilia,0,Sud,Primario,0.002685525020141437,0.0,Very low (1-1000)
2024,Sicilia,0,Sud,Secondario,0.15414913615611853,0.0,Low (1001-10000)
2024,Sicilia,0,Sud,Terziario,0.84316533882374,0.0,Low (1001-10000)
2024,Toscana,0,Centro,Primario,0.003660615785778758,0.0,Very low (1-1000)
2024,Toscana,0,Centro,Secondario,0.2260555611272691,0.0,Low (1001-10000)
2024,Toscana,0,Centro,Terziario,0.7702838230869521,0.0,Moderate (10001-50000)
2024,Total,0,Total,Primario,0.002029166377776237,0.0,Very low (1-1000)
2024,Total,0,Total,Secondario,0.21247082206660658,0.0,Moderate (10001-50000)
2024,Total,0,Total,Terziario,0.7855000115556172,0.0,Very High (100001-200000)
2024,Trentino Alto Adige,0,NordEst,Primario,0.0034133119164742494,0.0,Very low (1-1000)
2024,Trentino Alto Adige,0,NordEst,Secondario,0.1944583877120771,0.0,Low (1001-10000)
2024,Trentino Alto Adige,0,NordEst,Terziario,0.8021283003714487,0.0,Low (1001-10000)
2024,Umbria,0,Centro,Primario,0.003121516164994426,0.0,Very low (1-1000)
2024,Umbria,0,Centro,Secondario,0.2191750278706801,0.0,Very low (1-1000)
2024,Umbria,0,Centro,Terziario,0.7777034559643254,0.0,Low (1001-10000)
2024,Valle D'Aosta,0,NordOvest,Primario,0.001669449081803005,0.0,Very low (1-1000)
2024,Valle D'Aosta,0,NordOvest,Secondario,0.1368948247078464,0.0,Very low (1-1000)
2024,Valle D'Aosta,0,NordOvest,Terziario,0.8614357262103506,0.0,Very low (1-1000)
