Year,DescrRegione,AgeGroup,Occupati,MacroRegione,Count,Percentage,PercentageOccupati,SummarisedCount
2018,Abruzzo,0-14,0,Sud,1201,0.000653363297738362,0.0,Low (1001-10000)
2018,Abruzzo,15+,493923,Sud,12712,0.006915532257160748,0.02573680512954448,Moderate (10001-50000)
2018,Abruzzo,15-64,480993,Sud,12246,0.006662020769445446,0.02545982997673563,Moderate (10001-50000)
2018,Abruzzo,65+,12930,Sud,466,0.000253511487715301,0.03604021655065739,Very low (1-1000)
2018,Basilicata,0-14,0,Sud,450,0.000244807230626363,0.0,Very low (1-1000)
2018,Basilicata,15+,185328,Sud,4222,0.002296835839343351,0.022781231114564447,Low (1001-10000)
2018,Basilicata,15-64,180240,Sud,4120,0.002241346200401375,0.022858411007545498,Low (1001-10000)
2018,Basilicata,65+,5088,Sud,102,5.5489638941975e-05,0.020047169811320757,Very low (1-1000)
2018,Calabria,0-14,0,Sud,1152,0.000626706510403491,0.0,Low (1001-10000)
2018,Calabria,15+,540555,Sud,8982,0.004886352323302221,0.01661625551516497,Low (1001-10000)
2018,Calabria,15-64,526386,Sud,8785,0.0047791811578946795,0.01668927365089497,Low (1001-10000)
2018,Calabria,65+,14169,Sud,197,0.000107171165407541,0.013903592349495375,Very low (1-1000)
2018,Campania,0-14,0,Sud,2650,0.001441642580355253,0.0,Low (1001-10000)
2018,Campania,15+,1640948,Sud,20353,0.011072359033196404,0.01240319620122027,Moderate (10001-50000)
2018,Campania,15-64,1592168,Sud,19885,0.01081775951334499,0.012489259927344351,Moderate (10001-50000)
2018,Campania,65+,48780,Sud,468,0.000254599519851418,0.00959409594095941,Very low (1-1000)
2018,Emilia Romagna,0-14,0,NordEst,6192,0.003368547493418765,0.0,Low (1001-10000)
2018,Emilia Romagna,15+,1996335,NordEst,80165,0.04361104809591656,0.04015608602764567,High (50001-100000)
2018,Emilia Romagna,15-64,1933976,NordEst,78259,0.042574153470196906,0.04046534186566948,High (50001-100000)
2018,Emilia Romagna,65+,62359,NordEst,1906,0.001036894625719665,0.030564954537436458,Low (1001-10000)
2018,Friuli Venezia Giulia,0-14,0,NordEst,1813,0.000986301131390216,0.0,Low (1001-10000)
2018,Friuli Venezia Giulia,15+,507129,NordEst,15480,0.008421368733546914,0.030524777719278525,Moderate (10001-50000)
2018,Friuli Venezia Giulia,15-64,492827,NordEst,15242,0.00829189290934897,0.030927688620956243,Moderate (10001-50000)
2018,Friuli Venezia Giulia,65+,14302,NordEst,238,0.00012947582419794298,0.01664102922668158,Very low (1-1000)
2018,Lazio,0-14,0,Centro,3268,0.0017778445104154588,0.0,Low (1001-10000)
2018,Lazio,15+,2324973,Centro,41763,0.022719743050330733,0.01796278924529446,Moderate (10001-50000)
2018,Lazio,15-64,2266442,Centro,41037,0.022324787384920206,0.01810635348268343,Moderate (10001-50000)
2018,Lazio,65+,58531,Centro,726,0.00039495566541053305,0.01240368351813569,Very low (1-1000)
2018,Liguria,0-14,0,NordOvest,1570,0.00085410522685198,0.0,Low (1001-10000)
2018,Liguria,15+,601566,NordOvest,19064,0.010371122321468886,0.031690620813011376,Moderate (10001-50000)
2018,Liguria,15-64,580429,NordOvest,18696,0.010170924408423328,0.03221065797883979,Moderate (10001-50000)
2018,Liguria,65+,21137,NordOvest,368,0.000200197913045559,0.017410228509249184,Very low (1-1000)
2018,Lombardia,0-14,0,NordOvest,13201,0.007181556114441396,0.0,Moderate (10001-50000)
2018,Lombardia,15+,4393446,NordOvest,106965,0.05819067871988668,0.02434649247993488,Very High (100001-200000)
2018,Lombardia,15-64,4289161,NordOvest,105576,0.0574350404013533,0.02461460411488401,Very High (100001-200000)
2018,Lombardia,65+,104285,NordOvest,1389,0.0007556383185333761,0.013319269310063768,Low (1001-10000)
2018,Marche,0-14,0,Centro,1426,0.0007757669130515429,0.0,Low (1001-10000)
2018,Marche,15+,632187,Centro,17294,0.00940821388100519,0.027355829841486778,Moderate (10001-50000)
2018,Marche,15-64,611992,Centro,16542,0.008999113797825132,0.02702976509496856,Moderate (10001-50000)
2018,Marche,65+,20195,Centro,752,0.00040910008318005597,0.037236939836593215,Very low (1-1000)
2018,Molise,0-14,0,Sud,250,0.000136004017014646,0.0,Very low (1-1000)
2018,Molise,15+,105958,Sud,1890,0.001028190368630728,0.0178372562713528,Low (1001-10000)
2018,Molise,15-64,103578,Sud,1814,0.000986845147458275,0.017513371565390335,Low (1001-10000)
2018,Molise,65+,2380,Sud,76,4.1345221172452e-05,0.03193277310924369,Very low (1-1000)
2018,Piemonte,0-14,0,NordOvest,5388,0.002931158574699662,0.0,Low (1001-10000)
2018,Piemonte,15+,1815546,NordOvest,42473,0.02310599445865233,0.023394064375124618,Moderate (10001-50000)
2018,Piemonte,15-64,1765875,NordOvest,41545,0.022601147547493962,0.02352658030721314,Moderate (10001-50000)
2018,Piemonte,65+,49671,NordOvest,928,0.000504846911158367,0.018682933703770808,Very low (1-1000)
2018,Puglia,0-14,0,Sud,2981,0.001621711898882645,0.0,Low (1001-10000)
2018,Puglia,15+,1201700,Sud,28144,0.01531078821944085,0.0234201547807273,Moderate (10001-50000)
2018,Puglia,15-64,1177093,Sud,27570,0.01499852299637522,0.023422108533480358,Moderate (10001-50000)
2018,Puglia,65+,24607,Sud,574,0.000312265223065628,0.023326695655707726,Very low (1-1000)
2018,Sardegna,15+,573750,0,0,0.0,0.0,No injuries
2018,Sardegna,15-64,557293,0,0,0.0,0.0,No injuries
2018,Sardegna,65+,16457,0,0,0.0,0.0,No injuries
2018,Sicilia,0-14,0,Sud,2960,0.0016102875614534152,0.0,Low (1001-10000)
2018,Sicilia,15+,1342938,Sud,25293,0.013759798409405818,0.018834078713983814,Moderate (10001-50000)
2018,Sicilia,15-64,1307467,Sud,24715,0.013445357122067958,0.01890296275164115,Moderate (10001-50000)
2018,Sicilia,65+,35471,Sud,578,0.000314441287337862,0.016295001550562432,Very low (1-1000)
2018,Toscana,0-14,0,Centro,2969,0.0016151837060659421,0.0,Low (1001-10000)
2018,Toscana,15+,1578180,Centro,46239,0.025154758970960967,0.029298939284492263,Moderate (10001-50000)
2018,Toscana,15-64,1524380,Centro,45054,0.024510099930311544,0.02955562261378396,Moderate (10001-50000)
2018,Toscana,65+,53800,Centro,1185,0.000644659040649424,0.022026022304832717,Low (1001-10000)
2018,Total,0-14,0,Total,56925,0.03096811467423501,0.0,High (50001-100000)
2018,Total,15+,22958728,Total,0,0.0,0.0,No injuries
2018,Total,15-64,22332614,Total,562524,0.30602209466858815,0.025188453084802342,Extremely High (200001+)
2018,Total,65+,626114,Total,12253,0.006665828881921856,0.019569918577128125,Moderate (10001-50000)
2018,Trentino Alto Adige,0-14,0,NordEst,2427,0.001320326997178188,0.0,Low (1001-10000)
2018,Trentino Alto Adige,15+,496171,NordEst,21956,0.01194441679029432,0.04425087318686502,Moderate (10001-50000)
2018,Trentino Alto Adige,15-64,483499,NordEst,21291,0.01158264610503536,0.04403525136556643,Moderate (10001-50000)
2018,Trentino Alto Adige,65+,12672,NordEst,665,0.00036177068525895903,0.05247790404040404,Very low (1-1000)
2018,Umbria,0-14,0,Centro,1004,0.0005461921323308199,0.0,Low (1001-10000)
2018,Umbria,15+,349450,Centro,9380,0.005102870718389539,0.026842180569466304,Low (1001-10000)
2018,Umbria,15-64,338994,Centro,9040,0.0049179052552496185,0.02666713865142156,Low (1001-10000)
2018,Umbria,65+,10456,Centro,340,0.000184965463139919,0.032517214996174444,Very low (1-1000)
2018,Valle D'Aosta,0-14,0,NordOvest,128,6.9634056711499e-05,0.0,Very low (1-1000)
2018,Valle D'Aosta,15+,54777,NordOvest,1390,0.000756182334601434,0.025375613852529347,Low (1001-10000)
2018,Valle D'Aosta,15-64,53486,NordOvest,1363,0.000741493900763853,0.025483304042179262,Low (1001-10000)
2018,Valle D'Aosta,65+,1291,NordOvest,27,1.4688433837581e-05,0.020914020139426802,Very low (1-1000)
2018,Veneto,0-14,0,NordEst,5895,0.003206974721205365,0.0,Low (1001-10000)
2018,Veneto,15+,2123868,NordEst,71012,0.03863166902497632,0.03343522290462496,High (50001-100000)
2018,Veneto,15-64,2066335,NordEst,69744,0.03794185665067804,0.033752513508216245,High (50001-100000)
2018,Veneto,65+,57533,NordEst,1268,0.000689812374298287,0.022039525142092363,Low (1001-10000)
2019,Abruzzo,0-14,0,Sud,1129,0.000615164988448629,0.0,Low (1001-10000)
2019,Abruzzo,15+,492615,Sud,12255,0.006677455211193933,0.02487743978563381,Moderate (10001-50000)
2019,Abruzzo,15-64,479217,Sud,11771,0.006413735233860773,0.02456298503600665,Moderate (10001-50000)
2019,Abruzzo,65+,13398,Sud,484,0.000263719977333159,0.0361247947454844,Very low (1-1000)
2019,Basilicata,0-14,0,Sud,513,0.000279521380933699,0.0,Very low (1-1000)
2019,Basilicata,15+,187581,Sud,4264,0.002323351205265681,0.022731513319579278,Low (1001-10000)
2019,Basilicata,15-64,182726,Sud,4143,0.002257421210932391,0.02267329225178683,Low (1001-10000)
2019,Basilicata,65+,4855,Sud,121,6.5929994333289e-05,0.024922760041194644,Very low (1-1000)
2019,Calabria,0-14,0,Sud,1097,0.000597728956889411,0.0,Low (1001-10000)
2019,Calabria,15+,538640,Sud,8826,0.004809075454426572,0.016385712163968513,Low (1001-10000)
2019,Calabria,15-64,518045,Sud,8591,0.004681029597663572,0.01658350143327317,Low (1001-10000)
2019,Calabria,65+,20595,Sud,235,0.000128045856763,0.011410536537994658,Very low (1-1000)
2019,Campania,0-14,0,Sud,2695,0.001468440782877817,0.0,Low (1001-10000)
2019,Campania,15+,1625581,Sud,20457,0.01114652805021577,0.012584423661447814,Moderate (10001-50000)
2019,Campania,15-64,1576708,Sud,19897,0.010841397497929471,0.012619330909718224,Moderate (10001-50000)
2019,Campania,65+,48873,Sud,560,0.000305130552286299,0.011458269392097886,Very low (1-1000)
2019,Emilia Romagna,0-14,0,NordEst,6395,0.0034844819319122962,0.0,Low (1001-10000)
2019,Emilia Romagna,15+,2026012,NordEst,78903,0.04299234994115339,0.03894498156970441,High (50001-100000)
2019,Emilia Romagna,15-64,1960576,NordEst,76962,0.04193474565188962,0.03925479042893517,High (50001-100000)
2019,Emilia Romagna,65+,65436,NordEst,1941,0.001057604289263763,0.029662571061800844,Low (1001-10000)
2019,Friuli Venezia Giulia,0-14,0,NordEst,2003,0.001091386600409746,0.0,Low (1001-10000)
2019,Friuli Venezia Giulia,15+,508166,NordEst,15146,0.008252691687371954,0.029805221128528868,Moderate (10001-50000)
2019,Friuli Venezia Giulia,15-64,494061,NordEst,14877,0.008106120047077284,0.030111666373180638,Moderate (10001-50000)
2019,Friuli Venezia Giulia,65+,14105,NordEst,269,0.000146571640294668,0.01907125132931585,Very low (1-1000)
2019,Lazio,0-14,0,Centro,3546,0.001932130247155747,0.0,Low (1001-10000)
2019,Lazio,15+,2333459,Centro,41772,0.022760559696613048,0.017901321600250958,Moderate (10001-50000)
2019,Lazio,15-64,2269755,Centro,40937,0.022305588248114728,0.01803586730726444,Moderate (10001-50000)
2019,Lazio,65+,63704,Centro,835,0.000454971448498321,0.013107497174431746,Very low (1-1000)
2019,Liguria,0-14,0,NordOvest,1616,0.0008805195937404641,0.0,Low (1001-10000)
2019,Liguria,15+,601748,NordOvest,19156,0.010437644392136352,0.03183392383522671,Moderate (10001-50000)
2019,Liguria,15-64,578830,NordOvest,18764,0.01022405300553594,0.032417117288323,Moderate (10001-50000)
2019,Liguria,65+,22918,NordOvest,392,0.000213591386600409,0.01710445937690898,Very low (1-1000)
2019,Lombardia,0-14,0,NordOvest,13294,0.007243581360882263,0.0,Moderate (10001-50000)
2019,Lombardia,15+,4451020,NordOvest,106831,0.058209646484460136,0.0240014648327799,Very High (100001-200000)
2019,Lombardia,15-64,4340378,NordOvest,105418,0.05743973671592346,0.024287746366791096,Very High (100001-200000)
2019,Lombardia,65+,110642,NordOvest,1413,0.000769909768536681,0.012770918819254896,Low (1001-10000)
2019,Marche,0-14,0,Centro,1597,0.000870166950002179,0.0,Low (1001-10000)
2019,Marche,15+,632493,Centro,17506,0.009538599014864216,0.02767777667104616,Moderate (10001-50000)
2019,Marche,15-64,613509,Centro,16726,0.009113595745608301,0.027262843739863638,Moderate (10001-50000)
2019,Marche,65+,18984,Centro,780,0.000425003269255917,0.04108723135271807,Very low (1-1000)
2019,Molise,0-14,0,Sud,244,0.00013294974063903,0.0,Very low (1-1000)
2019,Molise,15+,108495,Sud,1751,0.000954077851880911,0.01613899258030324,Low (1001-10000)
2019,Molise,15-64,104880,Sud,1666,0.000907763393051741,0.015884820747520977,Low (1001-10000)
2019,Molise,65+,3615,Sud,85,4.6314458829169995e-05,0.02351313969571231,Very low (1-1000)
2019,Piemonte,0-14,0,NordOvest,5592,0.003046946514973192,0.0,Low (1001-10000)
2019,Piemonte,15+,1812535,NordOvest,42188,0.022987228106882876,0.023275688469464036,Moderate (10001-50000)
2019,Piemonte,15-64,1758282,NordOvest,41359,0.022535525914301906,0.023522392881232933,Moderate (10001-50000)
2019,Piemonte,65+,54253,NordOvest,829,0.000451702192580968,0.015280260999391736,Very low (1-1000)
2019,Puglia,0-14,0,Sud,2992,0.0016302689507868009,0.0,Low (1001-10000)
2019,Puglia,15+,1216063,Sud,27992,0.015252168606425177,0.023018544269499196,Moderate (10001-50000)
2019,Puglia,15-64,1188045,Sud,27365,0.014910531363061768,0.023033639298174733,Moderate (10001-50000)
2019,Puglia,65+,28018,Sud,627,0.00034163724336341004,0.022378470982939536,Very low (1-1000)
2019,Sardegna,15+,582033,0,0,0.0,0.0,No injuries
2019,Sardegna,15-64,562854,0,0,0.0,0.0,No injuries
2019,Sardegna,65+,19179,0,0,0.0,0.0,No injuries
2019,Sicilia,0-14,0,Sud,2923,0.0015926725077372388,0.0,Low (1001-10000)
2019,Sicilia,15+,1341533,Sud,25011,0.013627893291486858,0.018643596542164825,Moderate (10001-50000)
2019,Sicilia,15-64,1306193,Sud,24388,0.013288435552068349,0.01867105397135033,Moderate (10001-50000)
2019,Sicilia,65+,35340,Sud,623,0.00033945773941850796,0.0176287492925863,Very low (1-1000)
2019,Toscana,0-14,0,Centro,3093,0.00168530142539558,0.0,Low (1001-10000)
2019,Toscana,15+,1584130,Centro,46442,0.025305130552286295,0.02931703837437584,Moderate (10001-50000)
2019,Toscana,15-64,1526896,Centro,45152,0.02460224053005536,0.029571103729396107,Moderate (10001-50000)
2019,Toscana,65+,57234,Centro,1290,0.00070289002223094,0.022539050214907222,Low (1001-10000)
2019,Total,0-14,0,Total,58161,0.031690532234863344,0.0,High (50001-100000)
2019,Total,15+,23109405,Total,0,0.0,0.0,No injuries
2019,Total,15-64,22442714,Total,560128,0.3052002964125365,0.024958122266317703,Extremely High (200001+)
2019,Total,65+,666691,Total,12858,0.0070060154308879295,0.019286296050194166,Moderate (10001-50000)
2019,Trentino Alto Adige,0-14,0,NordEst,2342,0.0012760995597402031,0.0,Low (1001-10000)
2019,Trentino Alto Adige,15+,500166,NordEst,22092,0.012037400287694521,0.04416933578052087,Moderate (10001-50000)
2019,Trentino Alto Adige,15-64,487269,NordEst,21457,0.011691404036441306,0.044035224896309844,Moderate (10001-50000)
2019,Trentino Alto Adige,65+,12897,NordEst,635,0.00034599625125321403,0.04923625649375825,Very low (1-1000)
2019,Umbria,0-14,0,Centro,1060,0.000577568545399067,0.0,Low (1001-10000)
2019,Umbria,15+,358279,Centro,9554,0.005205745172398762,0.02666636894710547,Low (1001-10000)
2019,Umbria,15-64,346530,Centro,9266,0.005048820888365808,0.026739387643205496,Low (1001-10000)
2019,Umbria,65+,11749,Centro,288,0.000156924284032954,0.0245127244871904,Very low (1-1000)
2019,Valle D'Aosta,0-14,0,NordOvest,114,6.211586242971099e-05,0.0,Very low (1-1000)
2019,Valle D'Aosta,15+,55199,NordOvest,1333,0.000726319689638638,0.024148988206308085,Low (1001-10000)
2019,Valle D'Aosta,15-64,53656,NordOvest,1290,0.00070289002223094,0.024042045623974953,Low (1001-10000)
2019,Valle D'Aosta,65+,1543,NordOvest,43,2.3429667407697998e-05,0.027867790019442645,Very low (1-1000)
2019,Veneto,0-14,0,NordEst,5916,0.0032234863345102648,0.0,Low (1001-10000)
2019,Veneto,15+,2153657,NordEst,71507,0.03896244714702934,0.03320259447070727,High (50001-100000)
2019,Veneto,15-64,2094304,NordEst,70099,0.03819526175842378,0.03347126300670772,High (50001-100000)
2019,Veneto,65+,59353,NordEst,1408,0.000767185388605553,0.02372247401142318,Low (1001-10000)
2020,Abruzzo,0-14,0,Sud,347,0.000208458363295468,0.0,Very low (1-1000)
2020,Abruzzo,15+,475361,Sud,10802,0.006489242767486022,0.022723782556835756,Moderate (10001-50000)
2020,Abruzzo,15-64,462095,Sud,10405,0.006250747176049997,0.022517014899533647,Moderate (10001-50000)
2020,Abruzzo,65+,13266,Sud,397,0.00023849559143602502,0.029926126941052317,Very low (1-1000)
2020,Basilicata,0-14,0,Sud,127,7.6294559477015e-05,0.0,Very low (1-1000)
2020,Basilicata,15+,183695,Sud,3818,0.0022936427408129633,0.020784452489180434,Low (1001-10000)
2020,Basilicata,15-64,177983,Sud,3697,0.002220952648712814,0.020771646730305703,Low (1001-10000)
2020,Basilicata,65+,5712,Sud,121,7.2690092100148e-05,0.021183473389355743,Very low (1-1000)
2020,Calabria,0-14,0,Sud,332,0.00019944719485330098,0.0,Very low (1-1000)
2020,Calabria,15+,513834,Sud,6954,0.004177577689788724,0.013533553637945329,Low (1001-10000)
2020,Calabria,15-64,496759,Sud,6740,0.004049018353347138,0.013567947435275457,Low (1001-10000)
2020,Calabria,65+,17075,Sud,214,0.000128559336441585,0.01253294289897511,Very low (1-1000)
2020,Campania,0-14,0,Sud,501,0.000300973025968385,0.0,Very low (1-1000)
2020,Campania,15+,1569819,Sud,21885,0.013147294757121977,0.013941097667947705,Moderate (10001-50000)
2020,Campania,15-64,1521514,Sud,21195,0.012732781008782284,0.013930203731283446,Moderate (10001-50000)
2020,Campania,65+,48305,Sud,690,0.000414513748339692,0.014284235586378223,Very low (1-1000)
2020,Emilia Romagna,0-14,0,NordEst,2140,0.001285593364415857,0.0,Low (1001-10000)
2020,Emilia Romagna,15+,1966238,NordEst,68371,0.04107350650396101,0.03477249447930515,High (50001-100000)
2020,Emilia Romagna,15-64,1900744,NordEst,66699,0.040069061594940766,0.035090995946850286,High (50001-100000)
2020,Emilia Romagna,65+,65494,NordEst,1672,0.001004444909020239,0.025529056096741685,Low (1001-10000)
2020,Friuli Venezia Giulia,0-14,0,NordEst,652,0.000391685454952868,0.0,Very low (1-1000)
2020,Friuli Venezia Giulia,15+,506216,NordEst,15053,0.009043007903996212,0.02973631809346208,Moderate (10001-50000)
2020,Friuli Venezia Giulia,15-64,491290,NordEst,14799,0.008890418785042181,0.03012273809766126,Moderate (10001-50000)
2020,Friuli Venezia Giulia,65+,14926,NordEst,254,0.00015258911895403102,0.017017285274018492,Very low (1-1000)
2020,Lazio,0-14,0,Centro,1219,0.000732307622066789,0.0,Low (1001-10000)
2020,Lazio,15+,2258785,Centro,35878,0.021553513424538373,0.01588376051726924,Moderate (10001-50000)
2020,Lazio,15-64,2192411,Centro,35075,0.02107111554060102,0.015998368918966378,Moderate (10001-50000)
2020,Lazio,65+,66374,Centro,803,0.00048239788393735096,0.012098110705999336,Very low (1-1000)
2020,Liguria,0-14,0,NordOvest,532,0.00031959610741553,0.0,Very low (1-1000)
2020,Liguria,15+,579517,NordOvest,18748,0.011262759063583403,0.03235107857060276,Moderate (10001-50000)
2020,Liguria,15-64,559209,NordOvest,18397,0.011051897722036692,0.03289825449876522,Moderate (10001-50000)
2020,Liguria,65+,20308,NordOvest,351,0.000210861341546713,0.017283829032893442,Very low (1-1000)
2020,Lombardia,0-14,0,NordOvest,4173,0.0025069070606109213,0.0,Low (1001-10000)
2020,Lombardia,15+,4315137,NordOvest,110882,0.06661175861362573,0.02569605553659131,Very High (100001-200000)
2020,Lombardia,15-64,4199979,NordOvest,109328,0.06567820156301721,0.026030606343507907,Very High (100001-200000)
2020,Lombardia,65+,115158,NordOvest,1554,0.000933557050608524,0.013494503204293231,Low (1001-10000)
2020,Marche,0-14,0,Centro,628,0.000377267585445401,0.0,Very low (1-1000)
2020,Marche,15+,611817,Centro,15383,0.009241253609723893,0.0251431392066582,Moderate (10001-50000)
2020,Marche,15-64,595349,Centro,14739,0.008854374111273513,0.024756907293033162,Moderate (10001-50000)
2020,Marche,65+,16468,Centro,644,0.000386879498450379,0.03910614525139665,Very low (1-1000)
2020,Molise,0-14,0,Sud,72,4.3253608522402e-05,0.0,Very low (1-1000)
2020,Molise,15+,103979,Sud,1468,0.000881893018206765,0.014118235412919915,Low (1001-10000)
2020,Molise,15-64,100032,Sud,1422,0.000854258768317452,0.014215451055662189,Low (1001-10000)
2020,Molise,65+,3947,Sud,46,2.7634249889312e-05,0.011654421079300734,Very low (1-1000)
2020,Piemonte,0-14,0,NordOvest,1633,0.000981015871070605,0.0,Low (1001-10000)
2020,Piemonte,15+,1748168,NordOvest,49025,0.029451502191816536,0.028043643402693563,Moderate (10001-50000)
2020,Piemonte,15-64,1697705,NordOvest,48048,0.028864574753950042,0.028301736756385826,Moderate (10001-50000)
2020,Piemonte,65+,50463,NordOvest,977,0.000586927437866491,0.01936071973525157,Very low (1-1000)
2020,Puglia,0-14,0,Sud,832,0.000499819476258875,0.0,Very low (1-1000)
2020,Puglia,15+,1188112,Sud,24407,0.014662372544531692,0.020542676111343038,Moderate (10001-50000)
2020,Puglia,15-64,1158779,Sud,23828,0.014314541442664036,0.020563023665427144,Moderate (10001-50000)
2020,Puglia,65+,29333,Sud,579,0.000347831101867654,0.01973886066887124,Very low (1-1000)
2020,Sardegna,15+,551740,0,0,0.0,0.0,No injuries
2020,Sardegna,15-64,535237,0,0,0.0,0.0,No injuries
2020,Sardegna,65+,16503,0,0,0.0,0.0,No injuries
2020,Sicilia,0-14,0,Sud,850,0.000510632878389476,0.0,Very low (1-1000)
2020,Sicilia,15+,1305304,Sud,21808,0.01310103742578552,0.01670721916120689,Moderate (10001-50000)
2020,Sicilia,15-64,1269872,Sud,21165,0.01271475867189795,0.016667034157773382,Moderate (10001-50000)
2020,Sicilia,65+,35432,Sud,643,0.000386278753887568,0.018147437344773087,Very low (1-1000)
2020,Toscana,0-14,0,Centro,1199,0.000720292730810566,0.0,Low (1001-10000)
2020,Toscana,15+,1544467,Centro,40159,0.02412530089793289,0.026001850476572178,Moderate (10001-50000)
2020,Toscana,15-64,1485444,Centro,39081,0.023477698259222482,0.026309305500577605,Moderate (10001-50000)
2020,Toscana,65+,59023,Centro,1078,0.000647602638710417,0.01826406655032784,Low (1001-10000)
2020,Total,0-14,0,Total,18210,0.010939558488791008,0.0,Moderate (10001-50000)
2020,Total,15+,22385258,Total,0,0.0,0.0,No injuries
2020,Total,15-64,21721015,Total,530495,0.31869198684850003,0.024423122031820337,Extremely High (200001+)
2020,Total,65+,664243,Total,12232,0.007348307492305964,0.018414947541788167,Moderate (10001-50000)
2020,Trentino Alto Adige,0-14,0,NordEst,772,0.00046377480249020604,0.0,Very low (1-1000)
2020,Trentino Alto Adige,15+,486175,NordEst,21628,0.012992903404479512,0.044486038977734364,Moderate (10001-50000)
2020,Trentino Alto Adige,15-64,473481,NordEst,21021,0.012628251454853143,0.0443967128564821,Moderate (10001-50000)
2020,Trentino Alto Adige,65+,12694,NordEst,607,0.000364651949626366,0.04781786670868127,Very low (1-1000)
2020,Umbria,0-14,0,Centro,302,0.00018142485796896602,0.0,Very low (1-1000)
2020,Umbria,15+,348364,Centro,7724,0.004640151003153308,0.022172210676189272,Low (1001-10000)
2020,Umbria,15-64,335812,Centro,7441,0.004470140291877753,0.02215823139137375,Low (1001-10000)
2020,Umbria,65+,12552,Centro,283,0.000170010711275554,0.022546207775653283,Very low (1-1000)
2020,Valle D'Aosta,0-14,0,NordOvest,34,2.0425315135579e-05,0.0,Very low (1-1000)
2020,Valle D'Aosta,15+,53103,NordOvest,1667,0.001001441186206184,0.03139182343747057,Low (1001-10000)
2020,Valle D'Aosta,15-64,51853,NordOvest,1631,0.000979814381944982,0.03145430351185081,Low (1001-10000)
2020,Valle D'Aosta,65+,1250,NordOvest,36,2.1626804261201e-05,0.0288,Very low (1-1000)
2020,Veneto,0-14,0,NordEst,1865,0.001120388609642791,0.0,Low (1001-10000)
2020,Veneto,15+,2075427,NordEst,67067,0.040290135594055275,0.032314795943196264,High (50001-100000)
2020,Veneto,15-64,2015467,NordEst,65784,0.03951938031996857,0.03263958179419459,High (50001-100000)
2020,Veneto,65+,59960,NordEst,1283,0.000770755274086703,0.021397598398932623,Low (1001-10000)
2021,Abruzzo,0-14,0,Sud,561,0.000344697495689745,0.0,Very low (1-1000)
2021,Abruzzo,15+,484387,Sud,11014,0.006767376501830399,0.02273801732911908,Moderate (10001-50000)
2021,Abruzzo,15-64,466939,Sud,10608,0.006517916282133364,0.02271817089598428,Moderate (10001-50000)
2021,Abruzzo,65+,17448,Sud,406,0.000249460219697034,0.023269142595139843,Very low (1-1000)
2021,Basilicata,0-14,0,Sud,197,0.000121043505616541,0.0,Very low (1-1000)
2021,Basilicata,15+,189066,Sud,3968,0.002438074265413385,0.020987380068335924,Low (1001-10000)
2021,Basilicata,15-64,183955,Sud,3817,0.002345294725575325,0.020749639857573863,Low (1001-10000)
2021,Basilicata,65+,5111,Sud,151,9.2779539838059e-05,0.029544120524359226,Very low (1-1000)
2021,Calabria,0-14,0,Sud,475,0.000291856168364757,0.0,Very low (1-1000)
2021,Calabria,15+,520963,Sud,7483,0.004597809911312591,0.01436378399233727,Low (1001-10000)
2021,Calabria,15-64,503871,Sud,7275,0.004470007631270759,0.014438219306131922,Low (1001-10000)
2021,Calabria,65+,17092,Sud,208,0.00012780228004183,0.012169435993447227,Very low (1-1000)
2021,Campania,0-14,0,Sud,706,0.000433790431295829,0.0,Very low (1-1000)
2021,Campania,15+,1592095,Sud,19638,0.012066255651257069,0.0123346910831326,Moderate (10001-50000)
2021,Campania,15-64,1545081,Sud,19054,0.011707426172678085,0.012332039550030064,Moderate (10001-50000)
2021,Campania,65+,47014,Sud,584,0.000358829478578986,0.012421831794784533,Very low (1-1000)
2021,Emilia Romagna,0-14,0,NordEst,3811,0.002341608121343349,0.0,Low (1001-10000)
2021,Emilia Romagna,15+,1978443,NordEst,71170,0.04372927053162061,0.035972732092862926,High (50001-100000)
2021,Emilia Romagna,15-64,1904083,NordEst,69472,0.042685961533971445,0.03648580445285211,High (50001-100000)
2021,Emilia Romagna,65+,74360,NordEst,1698,0.001043308997649175,0.022834857450242066,Low (1001-10000)
2021,Friuli Venezia Giulia,0-14,0,NordEst,1065,0.000654372251175719,0.0,Low (1001-10000)
2021,Friuli Venezia Giulia,15+,510300,NordEst,14913,0.009163054818576061,0.029223985890652556,Moderate (10001-50000)
2021,Friuli Venezia Giulia,15-64,495446,NordEst,14634,0.008991627721789183,0.029537023207372747,Moderate (10001-50000)
2021,Friuli Venezia Giulia,65+,14854,NordEst,279,0.000171427096786878,0.01878281944257439,Very low (1-1000)
2021,Lazio,0-14,0,Centro,1956,0.001201832979624138,0.0,Low (1001-10000)
2021,Lazio,15+,2265747,Centro,35752,0.02196724575026697,0.01577934341301125,Moderate (10001-50000)
2021,Lazio,15-64,2190967,Centro,35001,0.021505805787231318,0.01597513791855377,Moderate (10001-50000)
2021,Lazio,65+,74780,Centro,751,0.000461439963035648,0.010042792190425247,Very low (1-1000)
2021,Liguria,0-14,0,NordOvest,974,0.000598458753657418,0.0,Very low (1-1000)
2021,Liguria,15+,594600,NordOvest,18218,0.01119375931635611,0.03063908509922637,Moderate (10001-50000)
2021,Liguria,15-64,574046,NordOvest,17850,0.010967647590128258,0.031095069036279323,Moderate (10001-50000)
2021,Liguria,65+,20554,NordOvest,368,0.00022611172622785398,0.017904057604359248,Very low (1-1000)
2021,Lombardia,0-14,0,NordOvest,7773,0.0047759957825247576,0.0,Low (1001-10000)
2021,Lombardia,15+,4332517,NordOvest,98091,0.060270449286457764,0.022640649765482742,High (50001-100000)
2021,Lombardia,15-64,4212459,NordOvest,96702,0.05941700040675533,0.02295618782283697,High (50001-100000)
2021,Lombardia,65+,120058,NordOvest,1389,0.000853448879702417,0.011569408119408953,Low (1001-10000)
2021,Marche,0-14,0,Centro,846,0.000519811196708599,0.0,Very low (1-1000)
2021,Marche,15+,616562,Centro,15614,0.009593773079678578,0.02532429828630373,Moderate (10001-50000)
2021,Marche,15-64,597084,Centro,15000,0.009216510579939712,0.02512209337379665,Moderate (10001-50000)
2021,Marche,65+,19478,Centro,614,0.00037726249973886504,0.03152274360817332,Very low (1-1000)
2021,Molise,0-14,0,Sud,97,5.9600101750276e-05,0.0,Very low (1-1000)
2021,Molise,15+,100276,Sud,1639,0.001007057389368079,0.016344888108819657,Low (1001-10000)
2021,Molise,15-64,97006,Sud,1570,0.0009646614407003561,0.016184565903140012,Low (1001-10000)
2021,Molise,65+,3270,Sud,69,4.2395948667722005e-05,0.02110091743119266,Very low (1-1000)
2021,Piemonte,0-14,0,NordOvest,3098,0.001903516651776882,0.0,Low (1001-10000)
2021,Piemonte,15+,1767300,NordOvest,38749,0.023808704564138927,0.02192553612855769,Moderate (10001-50000)
2021,Piemonte,15-64,1708232,NordOvest,37894,0.02328336346108236,0.02218316949922493,Moderate (10001-50000)
2021,Piemonte,65+,59068,NordOvest,855,0.000525341103056563,0.014474842554344145,Very low (1-1000)
2021,Puglia,0-14,0,Sud,829,0.000509365818051334,0.0,Very low (1-1000)
2021,Puglia,15+,1206761,Sud,24016,0.01475624787252214,0.019901206618377625,Moderate (10001-50000)
2021,Puglia,15-64,1175676,Sud,23459,0.01441400811298705,0.019953626679459303,Moderate (10001-50000)
2021,Puglia,65+,31085,Sud,557,0.000342239759535094,0.017918610262184335,Very low (1-1000)
2021,Sardegna,15+,563197,0,0,0.0,0.0,No injuries
2021,Sardegna,15-64,545409,0,0,0.0,0.0,No injuries
2021,Sardegna,65+,17788,0,0,0.0,0.0,No injuries
2021,Sicilia,0-14,0,Sud,1359,0.000835015858542537,0.0,Low (1001-10000)
2021,Sicilia,15+,1310864,Sud,22793,0.014004795043237723,0.01738776867775757,Moderate (10001-50000)
2021,Sicilia,15-64,1273693,Sud,22193,0.013636134620040137,0.01742413595740889,Moderate (10001-50000)
2021,Sicilia,65+,37171,Sud,600,0.00036866042319758796,0.01614161577573915,Very low (1-1000)
2021,Toscana,0-14,0,Centro,2052,0.001260818647335752,0.0,Low (1001-10000)
2021,Toscana,15+,1546282,Centro,41521,0.025511915719311783,0.02685215245343346,Moderate (10001-50000)
2021,Toscana,15-64,1487881,Centro,40458,0.02485877233621339,0.027191690733331497,Moderate (10001-50000)
2021,Toscana,65+,58401,Centro,1063,0.0006531433830983941,0.018201743120836972,Low (1001-10000)
2021,Total,0-14,0,Total,31375,0.019277867963040565,0.0,Moderate (10001-50000)
2021,Total,15+,22553956,Total,0,0.0,0.0,No injuries
2021,Total,15-64,21849199,Total,509751,0.3132083656423232,0.02333042048818357,Extremely High (200001+)
2021,Total,65+,704757,Total,11837,0.007273055715649758,0.016795860133350927,Moderate (10001-50000)
2021,Trentino Alto Adige,0-14,0,NordEst,1483,0.000911205679336706,0.0,Low (1001-10000)
2021,Trentino Alto Adige,15+,487081,NordEst,20147,0.012379002576936358,0.04136273022351519,Moderate (10001-50000)
2021,Trentino Alto Adige,15-64,472773,NordEst,19563,0.012020173098357371,0.041379266582482505,Moderate (10001-50000)
2021,Trentino Alto Adige,65+,14308,NordEst,584,0.000358829478578986,0.04081632653061225,Very low (1-1000)
2021,Umbria,0-14,0,Centro,546,0.000335480985109805,0.0,Very low (1-1000)
2021,Umbria,15+,354249,Centro,8544,0.005249724426333659,0.024118628422380866,Low (1001-10000)
2021,Umbria,15-64,341449,Centro,8270,0.005081369499740095,0.024220308157294354,Low (1001-10000)
2021,Umbria,65+,12800,Centro,274,0.000168354926593565,0.02140625,Very low (1-1000)
2021,Valle D'Aosta,0-14,0,NordOvest,58,3.5637174242433e-05,0.0,Very low (1-1000)
2021,Valle D'Aosta,15+,52741,NordOvest,1272,0.000781560097178887,0.024117858971198877,Low (1001-10000)
2021,Valle D'Aosta,15-64,51562,NordOvest,1243,0.00076374151005767,0.024106900430549628,Low (1001-10000)
2021,Valle D'Aosta,65+,1179,NordOvest,29,1.7818587121216002e-05,0.024597116200169637,Very low (1-1000)
2021,Veneto,0-14,0,NordEst,3489,0.002143760360893976,0.0,Low (1001-10000)
2021,Veneto,15+,2080525,NordEst,67046,0.041195344556175864,0.032225520000961294,High (50001-100000)
2021,Veneto,15-64,2021587,NordEst,65688,0.04036094313167198,0.032493283741931465,High (50001-100000)
2021,Veneto,65+,58938,NordEst,1358,0.000834401424503875,0.023041161898944652,Low (1001-10000)
2022,Abruzzo,0-14,0,Sud,806,0.000398197341859828,0.0,Very low (1-1000)
2022,Abruzzo,15+,482849,Sud,15008,0.007414572837012788,0.031082180971690944,Moderate (10001-50000)
2022,Abruzzo,15-64,466189,Sud,14447,0.007137415630085539,0.030989577188650953,Moderate (10001-50000)
2022,Abruzzo,65+,16660,Sud,561,0.00027715720692725,0.0336734693877551,Very low (1-1000)
2022,Basilicata,0-14,0,Sud,313,0.000154634947893457,0.0,Very low (1-1000)
2022,Basilicata,15+,188761,Sud,3969,0.001960850185907766,0.02102658917890878,Low (1001-10000)
2022,Basilicata,15-64,182551,Sud,3823,0.001888720146315291,0.02094209289458836,Low (1001-10000)
2022,Basilicata,65+,6210,Sud,146,7.2130039592475e-05,0.023510466988727857,Very low (1-1000)
2022,Calabria,0-14,0,Sud,752,0.000371519108037954,0.0,Very low (1-1000)
2022,Calabria,15+,528974,Sud,9524,0.004705249979991325,0.01800466563574013,Low (1001-10000)
2022,Calabria,15-64,509260,Sud,9209,0.004549626949363724,0.018083100970034956,Low (1001-10000)
2022,Calabria,65+,19714,Sud,315,0.0001556230306276,0.01597849244191945,Very low (1-1000)
2022,Campania,0-14,0,Sud,1766,0.0008724770542487061,0.0,Low (1001-10000)
2022,Campania,15+,1641300,Sud,31657,0.015639867557390316,0.019287759702674708,Moderate (10001-50000)
2022,Campania,15-64,1591640,Sud,30533,0.01508456506080167,0.01918335804578925,Moderate (10001-50000)
2022,Campania,65+,49660,Sud,1124,0.0005553024965886439,0.02263391059202577,Low (1001-10000)
2022,Emilia Romagna,0-14,0,NordEst,5026,0.002483051910902604,0.0,Low (1001-10000)
2022,Emilia Romagna,15+,2001272,NordEst,76895,0.03798931092098204,0.03842306293197526,High (50001-100000)
2022,Emilia Romagna,15-64,1936093,NordEst,75070,0.03708768542607609,0.03877396385400908,High (50001-100000)
2022,Emilia Romagna,65+,65179,NordEst,1825,0.0009016254949059389,0.027999815891621534,Low (1001-10000)
2022,Friuli Venezia Giulia,0-14,0,NordEst,1303,0.000643735901294487,0.0,Low (1001-10000)
2022,Friuli Venezia Giulia,15+,520517,NordEst,15584,0.0076991406644461155,0.029939464032875004,Moderate (10001-50000)
2022,Friuli Venezia Giulia,15-64,503440,NordEst,15311,0.007564267371235528,0.030412760209756876,Moderate (10001-50000)
2022,Friuli Venezia Giulia,65+,17077,NordEst,273,0.000134873293210587,0.01598641447561047,Very low (1-1000)
2022,Lazio,0-14,0,Centro,2736,0.001351697180308301,0.0,Low (1001-10000)
2022,Lazio,15+,2320883,Centro,51675,0.02552958764343256,0.022265232672220008,High (50001-100000)
2022,Lazio,15-64,2254427,Centro,50579,0.024988118305121917,0.022435412634784803,High (50001-100000)
2022,Lazio,65+,66456,Centro,1096,0.000541469338310635,0.01649211508366438,Low (1001-10000)
2022,Liguria,0-14,0,NordOvest,1108,0.000547397834715496,0.0,Low (1001-10000)
2022,Liguria,15+,616116,NordOvest,27216,0.013445829846224683,0.04417349979549305,Moderate (10001-50000)
2022,Liguria,15-64,595103,NordOvest,26720,0.013200785328157097,0.044899790456442004,Moderate (10001-50000)
2022,Liguria,65+,21013,NordOvest,496,0.000245044518067586,0.023604435349545524,Very low (1-1000)
2022,Lombardia,0-14,0,NordOvest,10580,0.005226957663619091,0.0,Moderate (10001-50000)
2022,Lombardia,15+,4424396,NordOvest,121910,0.06022858305971676,0.02755404353498195,Very High (100001-200000)
2022,Lombardia,15-64,4315024,NordOvest,120215,0.05939118294253015,0.027859636470156365,Very High (100001-200000)
2022,Lombardia,65+,109372,NordOvest,1695,0.0008374001171866121,0.015497567933291885,Low (1001-10000)
2022,Marche,0-14,0,Centro,1141,0.000563701199828864,0.0,Low (1001-10000)
2022,Marche,15+,639261,Centro,17757,0.008772692555093022,0.02777738670120655,Moderate (10001-50000)
2022,Marche,15-64,617093,Centro,17057,0.008426863598142799,0.02764089043304656,Moderate (10001-50000)
2022,Marche,65+,22168,Centro,700,0.000345828956950223,0.03157704799711296,Very low (1-1000)
2022,Molise,0-14,0,Sud,199,9.8314232047277e-05,0.0,Very low (1-1000)
2022,Molise,15+,103093,Sud,2231,0.001102206289937069,0.02164065455462544,Low (1001-10000)
2022,Molise,15-64,99535,Sud,2153,0.001063671063305472,0.02163058220726378,Low (1001-10000)
2022,Molise,65+,3558,Sud,78,3.8535226631596e-05,0.021922428330522766,Very low (1-1000)
2022,Piemonte,0-14,0,NordOvest,4184,0.002067069079828192,0.0,Low (1001-10000)
2022,Piemonte,15+,1785318,NordOvest,50255,0.02482804890219068,0.02814904683647395,High (50001-100000)
2022,Piemonte,15-64,1731355,NordOvest,49304,0.024358215562105445,0.028477117633298774,Moderate (10001-50000)
2022,Piemonte,65+,53963,NordOvest,951,0.00046983334008523196,0.017623186257250338,Very low (1-1000)
2022,Puglia,0-14,0,Sud,1891,0.000934232225132674,0.0,Low (1001-10000)
2022,Puglia,15+,1266627,Sud,27709,0.013689392240191056,0.02187621138661974,Moderate (10001-50000)
2022,Puglia,15-64,1233796,Sud,27026,0.013351961986481052,0.0219047557294723,Moderate (10001-50000)
2022,Puglia,65+,32831,Sud,683,0.00033743025371000304,0.02080350887880357,Very low (1-1000)
2022,Sardegna,15+,566151,0,0,0.0,0.0,No injuries
2022,Sardegna,15-64,548126,0,0,0.0,0.0,No injuries
2022,Sardegna,65+,18025,0,0,0.0,0.0,No injuries
2022,Sicilia,0-14,0,Sud,1907,0.000942136887005822,0.0,Low (1001-10000)
2022,Sicilia,15+,1337017,Sud,30830,0.01523129534682198,0.02305879431600346,Moderate (10001-50000)
2022,Sicilia,15-64,1301557,Sud,30025,0.014833592046329225,0.02306852485138953,Moderate (10001-50000)
2022,Sicilia,65+,35460,Sud,805,0.00039770330049275596,0.022701635645798083,Very low (1-1000)
2022,Toscana,0-14,0,Centro,2484,0.001227198755806221,0.0,Low (1001-10000)
2022,Toscana,15+,1617713,Centro,50656,0.02502615949038645,0.03131334173614232,High (50001-100000)
2022,Toscana,15-64,1557234,Centro,49289,0.02435080494159937,0.031651633601629564,Moderate (10001-50000)
2022,Toscana,65+,60479,Centro,1367,0.0006753545487870791,0.022602886952495908,Low (1001-10000)
2022,Total,0-14,0,Total,43460,0.021471037812938153,0.0,Moderate (10001-50000)
2022,Total,15+,23099391,Total,0,0.0,0.0,No injuries
2022,Total,15-64,22412478,Total,631120,0.31179938758632136,0.02815931375370452,Extremely High (200001+)
2022,Total,65+,686913,Total,14614,0.007219920538386521,0.021274892162471807,Moderate (10001-50000)
2022,Trentino Alto Adige,0-14,0,NordEst,1973,0.000974743617232558,0.0,Low (1001-10000)
2022,Trentino Alto Adige,15+,506320,NordEst,21161,0.01045440936860525,0.041793727287091166,Moderate (10001-50000)
2022,Trentino Alto Adige,15-64,491370,NordEst,20505,0.010130318231806186,0.04173026436290372,Moderate (10001-50000)
2022,Trentino Alto Adige,65+,14950,NordEst,656,0.000324091136799066,0.043879598662207364,Very low (1-1000)
2022,Umbria,0-14,0,Centro,842,0.00041598283107441097,0.0,Very low (1-1000)
2022,Umbria,15+,352298,Centro,9884,0.0048831048721371525,0.028055793674673143,Low (1001-10000)
2022,Umbria,15-64,340852,Centro,9583,0.004734398420648557,0.02811484163214533,Low (1001-10000)
2022,Umbria,65+,11446,Centro,301,0.000148706451488596,0.026297396470382668,Very low (1-1000)
2022,Valle D'Aosta,0-14,0,NordOvest,88,4.3475640302313e-05,0.0,Very low (1-1000)
2022,Valle D'Aosta,15+,55164,NordOvest,1581,0.0007810794013404331,0.028659995649336523,Low (1001-10000)
2022,Valle D'Aosta,15-64,53819,NordOvest,1551,0.0007662581603282801,0.02881881863282484,Low (1001-10000)
2022,Valle D'Aosta,65+,1345,NordOvest,30,1.4821241012152e-05,0.02230483271375465,Very low (1-1000)
2022,Veneto,0-14,0,NordEst,4361,0.002154514401799891,0.0,Low (1001-10000)
2022,Veneto,15+,2145361,NordEst,80232,0.03963792696290046,0.03739790179834536,High (50001-100000)
2022,Veneto,15-64,2084014,NordEst,78720,0.03889093641588798,0.0377732587209107,High (50001-100000)
2022,Veneto,65+,61347,NordEst,1512,0.000746990547012482,0.024646681989339333,Low (1001-10000)
2023,Abruzzo,0-14,0,Sud,549,0.000788720577418168,0.0,Very low (1-1000)
2023,Abruzzo,15+,502116,Sud,4440,0.0063787237955130575,0.00884257820901943,Low (1001-10000)
2023,Abruzzo,15-64,486926,Sud,4262,0.006123000183891137,0.00875287004596181,Low (1001-10000)
2023,Abruzzo,65+,15190,Sud,178,0.000255723611621919,0.011718235681369323,Very low (1-1000)
2023,Basilicata,0-14,0,Sud,201,0.00028876655020228,0.0,Very low (1-1000)
2023,Basilicata,15+,194175,Sud,1495,0.002147791007723427,0.00769924037594953,Low (1001-10000)
2023,Basilicata,15-64,186726,Sud,1444,0.002074521883045237,0.007733256214988807,Low (1001-10000)
2023,Basilicata,65+,7449,Sud,51,7.326912467819e-05,0.00684655658477648,Very low (1-1000)
2023,Calabria,0-14,0,Sud,476,0.000683845163663111,0.0,Very low (1-1000)
2023,Calabria,15+,539183,Sud,2996,0.004304201912467819,0.005556555010080066,Low (1001-10000)
2023,Calabria,15-64,519574,Sud,2900,0.004166283560132401,0.0055814956098650045,Low (1001-10000)
2023,Calabria,65+,19609,Sud,96,0.000137918352335417,0.00489571115304197,Very low (1-1000)
2023,Campania,0-14,0,Sud,1077,0.001547271515262964,0.0,Low (1001-10000)
2023,Campania,15+,1683953,Sud,7957,0.011431420099301214,0.004725191261276294,Low (1001-10000)
2023,Campania,15-64,1625211,Sud,7689,0.011046398032364839,0.004731077995411057,Low (1001-10000)
2023,Campania,65+,58742,Sud,268,0.00038502206693637295,0.004562323380204964,Very low (1-1000)
2023,Emilia Romagna,0-14,0,NordEst,2978,0.004278342221404928,0.0,Low (1001-10000)
2023,Emilia Romagna,15+,2023150,NordEst,28759,0.04131660307098198,0.014214961816968588,Moderate (10001-50000)
2023,Emilia Romagna,15-64,1960754,NordEst,28049,0.040296581923501294,0.014305211158564512,Moderate (10001-50000)
2023,Emilia Romagna,65+,62396,NordEst,710,0.001020021147480691,0.011378934547086352,Very low (1-1000)
2023,Friuli Venezia Giulia,0-14,0,NordEst,789,0.001133516458256712,0.0,Very low (1-1000)
2023,Friuli Venezia Giulia,15+,519916,NordEst,5789,0.00831676397572637,0.011134490956231391,Low (1001-10000)
2023,Friuli Venezia Giulia,15-64,502945,NordEst,5674,0.008151549282824569,0.011281551660718368,Low (1001-10000)
2023,Friuli Venezia Giulia,65+,16971,NordEst,115,0.000165214692901802,0.006776265393907254,Very low (1-1000)
2023,Lazio,0-14,0,Centro,1632,0.002344611989702096,0.0,Low (1001-10000)
2023,Lazio,15+,2375406,Centro,15485,0.02224651756160353,0.006518885613659307,Moderate (10001-50000)
2023,Lazio,15-64,2299166,Centro,15126,0.02173076038984921,0.006578907308128251,Moderate (10001-50000)
2023,Lazio,65+,76240,Centro,359,0.000515757171754321,0.004708814270724029,Very low (1-1000)
2023,Liguria,0-14,0,NordOvest,710,0.001020021147480691,0.0,Very low (1-1000)
2023,Liguria,15+,633017,NordOvest,7304,0.010493287973519677,0.01153839470345978,Low (1001-10000)
2023,Liguria,15-64,607214,NordOvest,7174,0.010306523538065467,0.011814615605042045,Low (1001-10000)
2023,Liguria,65+,25803,NordOvest,130,0.000186764435454211,0.005038173855753208,Very low (1-1000)
2023,Lombardia,0-14,0,NordOvest,6658,0.009565212394262595,0.0,Low (1001-10000)
2023,Lombardia,15+,4500716,NordOvest,40931,0.05880350082751011,0.009094330768704357,Moderate (10001-50000)
2023,Lombardia,15-64,4379431,NordOvest,40324,0.05793145457888929,0.0092075888397374,Moderate (10001-50000)
2023,Lombardia,65+,121285,NordOvest,607,0.0008720462486208159,0.005004740899534154,Very low (1-1000)
2023,Marche,0-14,0,Centro,716,0.001028641044501655,0.0,Very low (1-1000)
2023,Marche,15+,641107,Centro,6187,0.008888550478116954,0.0096504951591544,Low (1001-10000)
2023,Marche,15-64,618378,Centro,5921,0.008506401710187569,0.009575049565152708,Low (1001-10000)
2023,Marche,65+,22729,Centro,266,0.000382148767929385,0.011703110563597165,Very low (1-1000)
2023,Molise,0-14,0,Sud,91,0.000130735104817947,0.0,Very low (1-1000)
2023,Molise,15+,106313,Sud,652,0.000936695476278043,0.0061328341783225,Very low (1-1000)
2023,Molise,15-64,102624,Sud,621,0.000892159341669731,0.006051216089803555,Very low (1-1000)
2023,Molise,65+,3689,Sud,31,4.4536134608311004e-05,0.008403361344537815,Very low (1-1000)
2023,Piemonte,0-14,0,NordOvest,2659,0.003820051029790364,0.0,Low (1001-10000)
2023,Piemonte,15+,1800861,NordOvest,15819,0.022726358495770503,0.008784131590389264,Moderate (10001-50000)
2023,Piemonte,15-64,1748488,NordOvest,15487,0.02224939086061052,0.008857367050846218,Moderate (10001-50000)
2023,Piemonte,65+,52373,NordOvest,332,0.00047696763515998495,0.006339144215530903,Very low (1-1000)
2023,Puglia,0-14,0,Sud,1332,0.001913617138653917,0.0,Low (1001-10000)
2023,Puglia,15+,1292646,Sud,9976,0.014332015446855462,0.007717503477363485,Low (1001-10000)
2023,Puglia,15-64,1257883,Sud,9698,0.013932626884884149,0.0077097790494028455,Low (1001-10000)
2023,Puglia,65+,34763,Sud,278,0.000399388561971313,0.0079970083134367,Very low (1-1000)
2023,Sardegna,15+,576709,0,0,0.0,0.0,No injuries
2023,Sardegna,15-64,557119,0,0,0.0,0.0,No injuries
2023,Sardegna,65+,19590,0,0,0.0,0.0,No injuries
2023,Sicilia,0-14,0,Sud,1338,0.00192223703567488,0.0,Low (1001-10000)
2023,Sicilia,15+,1410776,Sud,9461,0.013592140952556089,0.00670623826886763,Low (1001-10000)
2023,Sicilia,15-64,1368837,Sud,9199,0.013215738782640677,0.00672030344007358,Low (1001-10000)
2023,Sicilia,65+,41939,Sud,262,0.00037640216991541,0.006247168506640597,Very low (1-1000)
2023,Toscana,0-14,0,Centro,1499,0.002153537605737403,0.0,Low (1001-10000)
2023,Toscana,15+,1628035,Centro,17688,0.02541145641780066,0.010864631288639372,Moderate (10001-50000)
2023,Toscana,15-64,1563869,Centro,17183,0.02468594841853623,0.010987493197959677,Moderate (10001-50000)
2023,Toscana,65+,64166,Centro,505,0.000725507999264435,0.00787021163856248,Very low (1-1000)
2023,Total,0-14,0,Total,27395,0.039357013148216255,0.0,Moderate (10001-50000)
2023,Total,15+,23579947,Total,0,0.0,0.0,No injuries
2023,Total,15-64,22834951,Total,208659,0.29976984874954027,0.009137702988721106,Extremely High (200001+)
2023,Total,65+,744996,Total,5099,0.007325475818315557,0.006844332050104967,Low (1001-10000)
2023,Trentino Alto Adige,0-14,0,NordEst,1277,0.00183460141596175,0.0,Low (1001-10000)
2023,Trentino Alto Adige,15+,507708,NordEst,7793,0.01119580958072821,0.015349374049650586,Low (1001-10000)
2023,Trentino Alto Adige,15-64,492094,NordEst,7581,0.010891239885987496,0.015405593240315875,Low (1001-10000)
2023,Trentino Alto Adige,65+,15614,NordEst,212,0.000304569694740713,0.013577558601255283,Very low (1-1000)
2023,Umbria,0-14,0,Centro,547,0.0007858472784111801,0.0,Very low (1-1000)
2023,Umbria,15+,361596,Centro,3765,0.005408985380654653,0.010412172701025452,Low (1001-10000)
2023,Umbria,15-64,347298,Centro,3630,0.005215037697682972,0.01045211892956481,Low (1001-10000)
2023,Umbria,65+,14298,Centro,135,0.00019394768297167998,0.009441879983214435,Very low (1-1000)
2023,Valle D'Aosta,0-14,0,NordOvest,49,7.0395825671202e-05,0.0,Very low (1-1000)
2023,Valle D'Aosta,15+,56813,NordOvest,529,0.0007599875873482891,0.009311249185925756,Very low (1-1000)
2023,Valle D'Aosta,15-64,55114,NordOvest,511,0.0007341278962853991,0.009271691403273215,Very low (1-1000)
2023,Valle D'Aosta,65+,1699,NordOvest,18,2.5859691062890002e-05,0.010594467333725719,Very low (1-1000)
2023,Veneto,0-14,0,NordEst,2817,0.004047041651342405,0.0,Low (1001-10000)
2023,Veneto,15+,2225751,NordEst,26732,0.03840451452739978,0.012010328199335864,Moderate (10001-50000)
2023,Veneto,15-64,2155300,NordEst,26186,0.037620103898492095,0.012149584744583119,Moderate (10001-50000)
2023,Veneto,65+,70451,NordEst,546,0.000784410628907686,0.007750067422747725,Very low (1-1000)
2024,Abruzzo,0-14,0,Sud,576,0.0008157750500299541,0.0,Very low (1-1000)
2024,Abruzzo,15+,0,Sud,4166,0.005900206351431926,0.0,Low (1001-10000)
2024,Abruzzo,15-64,0,Sud,3999,0.00566368823796838,0.0,Low (1001-10000)
2024,Abruzzo,65+,0,Sud,167,0.000236518113463545,0.0,Very low (1-1000)
2024,Basilicata,0-14,0,Sud,244,0.000345571375359911,0.0,Very low (1-1000)
2024,Basilicata,15+,0,Sud,1413,0.002001198169604731,0.0,Low (1001-10000)
2024,Basilicata,15-64,0,Sud,1356,0.00192047043027885,0.0,Low (1001-10000)
2024,Basilicata,65+,0,Sud,57,8.072773932588e-05,0.0,Very low (1-1000)
2024,Calabria,0-14,0,Sud,562,0.000795947184230615,0.0,Very low (1-1000)
2024,Calabria,15+,0,Sud,3116,0.004413116416481489,0.0,Low (1001-10000)
2024,Calabria,15-64,0,Sud,3020,0.004277153908143162,0.0,Low (1001-10000)
2024,Calabria,65+,0,Sud,96,0.000135962508338325,0.0,Very low (1-1000)
2024,Campania,0-14,0,Sud,1080,0.0015295782188061641,0.0,Low (1001-10000)
2024,Campania,15+,0,Sud,7746,0.010970474891548655,0.0,Low (1001-10000)
2024,Campania,15-64,0,Sud,7483,0.010597994269746785,0.0,Low (1001-10000)
2024,Campania,65+,0,Sud,263,0.000372480621801871,0.0,Very low (1-1000)
2024,Emilia Romagna,0-14,0,NordEst,3989,0.005649525476683138,0.0,Low (1001-10000)
2024,Emilia Romagna,15+,0,NordEst,28180,0.039910661301812686,0.0,Moderate (10001-50000)
2024,Emilia Romagna,15-64,0,NordEst,27456,0.03888527738476114,0.0,Moderate (10001-50000)
2024,Emilia Romagna,65+,0,NordEst,724,0.001025383917051539,0.0,Very low (1-1000)
2024,Friuli Venezia Giulia,0-14,0,NordEst,942,0.00133413211306982,0.0,Very low (1-1000)
2024,Friuli Venezia Giulia,15+,0,NordEst,5712,0.00808976924613038,0.0,Low (1001-10000)
2024,Friuli Venezia Giulia,15-64,0,NordEst,5581,0.007904237073293706,0.0,Low (1001-10000)
2024,Friuli Venezia Giulia,65+,0,NordEst,131,0.00018553217283667298,0.0,Very low (1-1000)
2024,Lazio,0-14,0,Centro,1786,0.002529469165544268,0.0,Low (1001-10000)
2024,Lazio,15+,0,Centro,15491,0.021939533506968787,0.0,Moderate (10001-50000)
2024,Lazio,15-64,0,Centro,15091,0.02137302305555909,0.0,Moderate (10001-50000)
2024,Lazio,65+,0,Centro,400,0.00056651045140969,0.0,Very low (1-1000)
2024,Liguria,0-14,0,NordOvest,839,0.001188255671831825,0.0,Very low (1-1000)
2024,Liguria,15+,0,NordOvest,7122,0.010086718587349539,0.0,Low (1001-10000)
2024,Liguria,15-64,0,NordOvest,6946,0.009837453988729275,0.0,Low (1001-10000)
2024,Liguria,65+,0,NordOvest,176,0.00024926459862026297,0.0,Very low (1-1000)
2024,Lombardia,0-14,0,NordOvest,7837,0.011099356019244363,0.0,Low (1001-10000)
2024,Lombardia,15+,0,NordOvest,40623,0.05753338516903964,0.0,Moderate (10001-50000)
2024,Lombardia,15-64,0,NordOvest,39978,0.05661988706614151,0.0,Moderate (10001-50000)
2024,Lombardia,65+,0,NordOvest,645,0.0009134981028981259,0.0,Very low (1-1000)
2024,Marche,0-14,0,Centro,812,0.001150016216361671,0.0,Very low (1-1000)
2024,Marche,15+,0,Centro,6125,0.008674691287210885,0.0,Low (1001-10000)
2024,Marche,15-64,0,Centro,5884,0.008333368740236546,0.0,Low (1001-10000)
2024,Marche,65+,0,Centro,241,0.00034132254697433797,0.0,Very low (1-1000)
2024,Molise,0-14,0,Sud,149,0.00021102514315010897,0.0,Very low (1-1000)
2024,Molise,15+,0,Sud,641,0.000907832998384028,0.0,Very low (1-1000)
2024,Molise,15-64,0,Sud,618,0.000875258647427971,0.0,Very low (1-1000)
2024,Molise,65+,0,Sud,23,3.2574350956057e-05,0.0,Very low (1-1000)
2024,Piemonte,0-14,0,NordOvest,3207,0.004541997544177192,0.0,Low (1001-10000)
2024,Piemonte,15+,0,NordOvest,16010,0.02267458081767286,0.0,Moderate (10001-50000)
2024,Piemonte,15-64,0,NordOvest,15663,0.022183133001074953,0.0,Moderate (10001-50000)
2024,Piemonte,65+,0,NordOvest,347,0.000491447816597906,0.0,Very low (1-1000)
2024,Puglia,0-14,0,Sud,1402,0.001985619132190965,0.0,Low (1001-10000)
2024,Puglia,15+,0,Sud,10417,0.014753348430836864,0.0,Moderate (10001-50000)
2024,Puglia,15-64,0,Sud,10110,0.014318551659379926,0.0,Moderate (10001-50000)
2024,Puglia,65+,0,Sud,307,0.000434796771456937,0.0,Very low (1-1000)
2024,Sicilia,0-14,0,Sud,1446,0.00204793528184603,0.0,Low (1001-10000)
2024,Sicilia,15+,0,Sud,9725,0.0137732853498981,0.0,Low (1001-10000)
2024,Sicilia,15-64,0,Sud,9433,0.013359732720369026,0.0,Low (1001-10000)
2024,Sicilia,65+,0,Sud,292,0.000413552629529074,0.0,Very low (1-1000)
2024,Toscana,0-14,0,Centro,1880,0.002662599121625545,0.0,Low (1001-10000)
2024,Toscana,15+,0,Centro,18062,0.025580779433404567,0.0,Moderate (10001-50000)
2024,Toscana,15-64,0,Centro,17457,0.02472393237564741,0.0,Moderate (10001-50000)
2024,Toscana,65+,0,Centro,605,0.000856847057757156,0.0,Very low (1-1000)
2024,Total,0-14,0,Total,32961,0.04668187747228702,0.0,Moderate (10001-50000)
2024,Total,15-64,0,Total,207924,0.29447779774727123,0.0,Extremely High (200001+)
2024,Total,65+,0,Total,5461,0.0077342839378708,0.0,Low (1001-10000)
2024,Trentino Alto Adige,0-14,0,NordEst,1791,0.002536550546186888,0.0,Low (1001-10000)
2024,Trentino Alto Adige,15+,0,NordEst,8170,0.011570975970042927,0.0,Low (1001-10000)
2024,Trentino Alto Adige,15-64,0,NordEst,7908,0.01119991162436958,0.0,Low (1001-10000)
2024,Trentino Alto Adige,65+,0,NordEst,262,0.000371064345673347,0.0,Very low (1-1000)
2024,Umbria,0-14,0,Centro,615,0.000871009819042399,0.0,Very low (1-1000)
2024,Umbria,15+,0,Centro,3870,0.005480988617388755,0.0,Low (1001-10000)
2024,Umbria,15-64,0,Centro,3744,0.005302537825194703,0.0,Low (1001-10000)
2024,Umbria,65+,0,Centro,126,0.00017845079219405198,0.0,Very low (1-1000)
2024,Valle D'Aosta,0-14,0,NordOvest,68,9.6306776739647e-05,0.0,Very low (1-1000)
2024,Valle D'Aosta,15+,0,NordOvest,531,0.000752042624246364,0.0,Very low (1-1000)
2024,Valle D'Aosta,15-64,0,NordOvest,515,0.000729382206189976,0.0,Very low (1-1000)
2024,Valle D'Aosta,65+,0,NordOvest,16,2.2660418056387e-05,0.0,Very low (1-1000)
2024,Veneto,0-14,0,NordEst,3736,0.005291207616166509,0.0,Low (1001-10000)
2024,Veneto,15+,0,NordEst,26265,0.0371984925156888,0.0,Moderate (10001-50000)
2024,Veneto,15-64,0,NordEst,25682,0.03637280353275917,0.0,Moderate (10001-50000)
2024,Veneto,65+,0,NordEst,583,0.000825688982929623,0.0,Very low (1-1000)
