Year,DescrRegione,Genere,Occupati,MacroRegione,Count,Percentage,PercentageOccupati,SummarisedCount
2018,Abruzzo,F,194266,Sud,5118,0.004050960737816248,0.02634532033397506,Low (1001-10000)
2018,Abruzzo,M,299657,Sud,8795,0.006961352029912838,0.0293502237558275,Low (1001-10000)
2018,Basilicata,F,68746,Sud,1720,0.0013614014202899469,0.025019637506182177,Low (1001-10000)
2018,Basilicata,M,116582,Sud,2952,0.002336544763195304,0.025321233123466742,Low (1001-10000)
2018,Calabria,F,200098,Sud,3590,0.0028415297086284356,0.017941208807684236,Low (1001-10000)
2018,Calabria,M,340457,Sud,6544,0.005179657496731054,0.01922122323817692,Low (1001-10000)
2018,Campania,F,583010,Sud,7533,0.005962463313397773,0.012920876142776282,Low (1001-10000)
2018,Campania,M,1057938,Sud,15470,0.01224469765807295,0.014622785078142575,Moderate (10001-50000)
2018,Emilia Romagna,F,894381,NordEst,30251,0.023944043235576265,0.03382339293880349,Moderate (10001-50000)
2018,Emilia Romagna,M,1101954,NordEst,56106,0.044408597724876604,0.05091501097141986,High (50001-100000)
2018,Friuli Venezia Giulia,F,225075,NordEst,6181,0.004892338476053582,0.02746195712540265,Low (1001-10000)
2018,Friuli Venezia Giulia,M,282054,NordEst,11112,0.008795286385035982,0.03939671126805506,Moderate (10001-50000)
2018,Lazio,F,1020600,Centro,18319,0.01449971663854159,0.017949245541838136,Moderate (10001-50000)
2018,Lazio,M,1304373,Centro,26712,0.021142880662084335,0.02047880475906815,Moderate (10001-50000)
2018,Liguria,F,264973,NordOvest,7997,0.006329725091894596,0.03018043347812796,Low (1001-10000)
2018,Liguria,M,336593,NordOvest,12637,0.010002342876862825,0.037543858606685215,Moderate (10001-50000)
2018,Lombardia,F,1908128,NordOvest,42864,0.033927389813551326,0.022463901792751848,Moderate (10001-50000)
2018,Lombardia,M,2485318,NordOvest,77302,0.06118549569258922,0.03110346442588031,High (50001-100000)
2018,Marche,F,274690,Centro,6440,0.005097340201550731,0.023444610287960976,Low (1001-10000)
2018,Marche,M,357497,Centro,12280,0.009719772930907294,0.03434993860088337,Moderate (10001-50000)
2018,Molise,F,40904,Sud,843,0.000667244998432805,0.02060923137101506,Very low (1-1000)
2018,Molise,M,65054,Sud,1297,0.0010265916523930579,0.019937282872690375,Low (1001-10000)
2018,Piemonte,F,804020,NordOvest,19056,0.015083061316886762,0.023700902962612867,Moderate (10001-50000)
2018,Piemonte,M,1011526,NordOvest,28805,0.02279951622758833,0.02847677667207764,Moderate (10001-50000)
2018,Puglia,F,436164,Sud,10664,0.00844068880579767,0.024449518988270465,Moderate (10001-50000)
2018,Puglia,M,765536,Sud,20461,0.01619513631427477,0.026727678384817953,Moderate (10001-50000)
2018,Sardegna,F,241812,0,0,0.0,0.0,No injuries
2018,Sardegna,M,331938,0,0,0.0,0.0,No injuries
2018,Sicilia,F,484186,Sud,9796,0.007753655996023442,0.020231894354648842,Low (1001-10000)
2018,Sicilia,M,858752,Sud,18457,0.01460894535714625,0.02149281748397675,Moderate (10001-50000)
2018,Toscana,F,716511,Centro,18562,0.014692054164780229,0.02590609216048323,Moderate (10001-50000)
2018,Toscana,M,861669,Centro,30646,0.024256690654770763,0.03556586113693309,Moderate (10001-50000)
2018,Total,F,9676501,Total,225467,0.17845993838867058,0.023300467803392982,Extremely High (200001+)
2018,Total,M,13282227,Total,406235,0.3215400616113294,0.030584855988382068,Extremely High (200001+)
2018,Trentino Alto Adige,F,225612,NordEst,7425,0.005876979968402822,0.03291048348492102,Low (1001-10000)
2018,Trentino Alto Adige,M,270559,NordEst,16958,0.013422468189114488,0.0626776414756116,Moderate (10001-50000)
2018,Umbria,F,152579,Centro,3796,0.003004581274081766,0.024878915184920598,Low (1001-10000)
2018,Umbria,M,196871,Centro,6588,0.0052144840446919595,0.03346353703694297,Low (1001-10000)
2018,Valle D'Aosta,F,25671,NordOvest,585,0.00046303478538931296,0.022788360406684586,Very low (1-1000)
2018,Valle D'Aosta,M,29106,NordOvest,933,0.00073848111926193,0.03205524634096062,Very low (1-1000)
2018,Veneto,F,915075,NordEst,24727,0.0195717284415753,0.027021828811846022,Moderate (10001-50000)
2018,Veneto,M,1208793,NordEst,52180,0.04130111983181943,0.04316702694340553,High (50001-100000)
2019,Abruzzo,F,199112,Sud,5079,0.00402362682544637,0.025508256659568483,Low (1001-10000)
2019,Abruzzo,M,293503,Sud,8305,0.006579291353678303,0.02829613325928525,Low (1001-10000)
2019,Basilicata,F,69133,Sud,1752,0.0013879492416188298,0.025342455845978037,Low (1001-10000)
2019,Basilicata,M,118448,Sud,3025,0.002396430625511964,0.025538632986627043,Low (1001-10000)
2019,Calabria,F,194172,Sud,3543,0.002806794613616162,0.018246709103269268,Low (1001-10000)
2019,Calabria,M,344468,Sud,6380,0.005054290046534325,0.01852131402626659,Low (1001-10000)
2019,Campania,F,580865,Sud,7524,0.0059605765376370325,0.012953095814001532,Low (1001-10000)
2019,Campania,M,1044716,Sud,15628,0.012380633988595367,0.01495908936017061,Moderate (10001-50000)
2019,Emilia Romagna,F,915415,NordEst,29999,0.023765461928837498,0.03277092903218759,Moderate (10001-50000)
2019,Emilia Romagna,M,1110597,NordEst,55299,0.0438083362513012,0.04979213882263323,High (50001-100000)
2019,Friuli Venezia Giulia,F,220726,NordEst,6355,0.005034484834753234,0.028791352174188812,Low (1001-10000)
2019,Friuli Venezia Giulia,M,287440,NordEst,10794,0.008551098238603685,0.03755218480378514,Moderate (10001-50000)
2019,Lazio,F,1029891,Centro,18392,0.014570298203112746,0.01785820052801704,Moderate (10001-50000)
2019,Lazio,M,1303568,Centro,26926,0.02133100529670584,0.02065561597093516,Moderate (10001-50000)
2019,Liguria,F,267819,NordOvest,7893,0.006252901463525929,0.029471396726893907,Low (1001-10000)
2019,Liguria,M,333929,NordOvest,12879,0.010202852901146642,0.03856807884310737,Moderate (10001-50000)
2019,Lombardia,F,1937066,NordOvest,42709,0.03383443159834396,0.02204829365648873,Moderate (10001-50000)
2019,Lombardia,M,2513954,NordOvest,77416,0.06132961100979645,0.030794517322114884,High (50001-100000)
2019,Marche,F,278484,Centro,6606,0.005233329161035385,0.023721290989787563,Low (1001-10000)
2019,Marche,M,354009,Centro,12497,0.009900229265131578,0.035301362394741374,Moderate (10001-50000)
2019,Molise,F,42323,Sud,773,0.000612377148271321,0.018264300734825035,Very low (1-1000)
2019,Molise,M,66172,Sud,1222,0.0009680787518597091,0.018467025327933265,Low (1001-10000)
2019,Piemonte,F,803717,NordOvest,18992,0.015045623285858921,0.02363020814540441,Moderate (10001-50000)
2019,Piemonte,M,1008818,NordOvest,28788,0.02280609747016147,0.02853636632177459,Moderate (10001-50000)
2019,Puglia,F,434381,Sud,10816,0.008568526824971045,0.02489979994520939,Moderate (10001-50000)
2019,Puglia,M,781682,Sud,20168,0.015977260448041423,0.025800773204448867,Moderate (10001-50000)
2019,Sardegna,F,252199,0,0,0.0,0.0,No injuries
2019,Sardegna,M,329834,0,0,0.0,0.0,No injuries
2019,Sicilia,F,490486,Sud,9817,0.007777110562198664,0.02001484242159817,Low (1001-10000)
2019,Sicilia,M,851047,Sud,18117,0.014352440873520748,0.02128789596814277,Moderate (10001-50000)
2019,Toscana,F,717197,Centro,18658,0.014781025656463548,0.026015167380789378,Moderate (10001-50000)
2019,Toscana,M,866933,Centro,30877,0.024461020966589402,0.03561636251013631,Moderate (10001-50000)
2019,Total,F,9773767,Total,225904,0.1789630624878198,0.023113299099518134,Extremely High (200001+)
2019,Total,M,13335638,Total,405243,0.32103693751218015,0.03038797243896392,Extremely High (200001+)
2019,Trentino Alto Adige,F,226964,NordEst,7420,0.0058781868566276955,0.0326924093688867,Low (1001-10000)
2019,Trentino Alto Adige,M,273202,NordEst,17014,0.01347863492973903,0.06227626444901575,Moderate (10001-50000)
2019,Umbria,F,160589,Centro,3887,0.0030793143277239687,0.02420464664453979,Low (1001-10000)
2019,Umbria,M,197690,Centro,6727,0.005329186386055863,0.034028023673428096,Low (1001-10000)
2019,Valle D'Aosta,F,25777,NordOvest,591,0.000468195206504982,0.022927415913411176,Very low (1-1000)
2019,Valle D'Aosta,M,29422,NordOvest,856,0.0006781304513845419,0.029093875331384682,Very low (1-1000)
2019,Veneto,F,927451,NordEst,25098,0.019882848211272487,0.027061267926823084,Moderate (10001-50000)
2019,Veneto,M,1226206,NordEst,52325,0.041452308257822666,0.04267227529468947,High (50001-100000)
2020,Abruzzo,F,188399,Sud,4582,0.004084237623832979,0.02432072357071959,Low (1001-10000)
2020,Abruzzo,M,286962,Sud,6567,0.005853598532455516,0.022884563112886024,Low (1001-10000)
2020,Basilicata,F,67395,Sud,1542,0.001374485904834232,0.02288003561095037,Low (1001-10000)
2020,Basilicata,M,116300,Sud,2403,0.002141951769984864,0.02066208082545142,Low (1001-10000)
2020,Calabria,F,182110,Sud,2485,0.002215043757142067,0.013645598813903682,Low (1001-10000)
2020,Calabria,M,331724,Sud,4801,0.004279446711484534,0.014472875040696482,Low (1001-10000)
2020,Campania,F,551025,Sud,7660,0.0068278612393192105,0.013901365636767842,Low (1001-10000)
2020,Campania,M,1018794,Sud,14726,0.01312625125459722,0.014454345039330817,Moderate (10001-50000)
2020,Emilia Romagna,F,878847,NordEst,28486,0.025391443245854704,0.032412922840949564,Moderate (10001-50000)
2020,Emilia Romagna,M,1087391,NordEst,42025,0.03745964341806656,0.03864755180059426,Moderate (10001-50000)
2020,Friuli Venezia Giulia,F,221290,NordEst,6889,0.0061406182869020946,0.03113109494328709,Low (1001-10000)
2020,Friuli Venezia Giulia,M,284926,NordEst,8816,0.007858279985096367,0.030941367232193623,Low (1001-10000)
2020,Lazio,F,983371,Centro,16110,0.01435990137929928,0.016382423317344116,Moderate (10001-50000)
2020,Lazio,M,1275414,Centro,20987,0.018707091883758784,0.016455049105623742,Moderate (10001-50000)
2020,Liguria,F,257227,NordOvest,8739,0.007789644826424358,0.03397388299051033,Low (1001-10000)
2020,Liguria,M,322290,NordOvest,10541,0.009395885812488748,0.03270656861832512,Moderate (10001-50000)
2020,Lombardia,F,1883528,NordOvest,53939,0.04807937433258993,0.02863721696730816,High (50001-100000)
2020,Lombardia,M,2431609,NordOvest,61116,0.054476705940239276,0.0251339750757626,High (50001-100000)
2020,Marche,F,267587,Centro,6361,0.00566997719886547,0.023771707893133823,Low (1001-10000)
2020,Marche,M,344230,Centro,9650,0.008601678976426943,0.028033582197949047,Low (1001-10000)
2020,Molise,F,40588,Sud,588,0.000524123029858968,0.014487040504582636,Very low (1-1000)
2020,Molise,M,63391,Sud,952,0.000848580143581186,0.01501790474988563,Very low (1-1000)
2020,Piemonte,F,777478,NordOvest,27174,0.02422197145133945,0.03495147129565081,Moderate (10001-50000)
2020,Piemonte,M,970690,NordOvest,23484,0.02093283202926532,0.024193099753783393,Moderate (10001-50000)
2020,Puglia,F,423620,Sud,9263,0.008256720451672826,0.021866295264623956,Low (1001-10000)
2020,Puglia,M,764492,Sud,15976,0.014240458375896046,0.020897537188093528,Moderate (10001-50000)
2020,Sardegna,F,236978,0,0,0.0,0.0,No injuries
2020,Sardegna,M,314762,0,0,0.0,0.0,No injuries
2020,Sicilia,F,468297,Sud,7888,0.0070310926182441166,0.0168440113859367,Low (1001-10000)
2020,Sicilia,M,837007,Sud,14770,0.013165471345266936,0.017646208454648527,Moderate (10001-50000)
2020,Toscana,F,691159,Centro,17936,0.015987535142092606,0.025950613389972496,Moderate (10001-50000)
2020,Toscana,M,853308,Centro,23422,0.020877567356048895,0.027448471126486566,Moderate (10001-50000)
2020,Total,F,9397844,Total,240271,0.21416932739327238,0.02556660868173594,Extremely High (200001+)
2020,Total,M,12987414,Total,320666,0.2858306726067277,0.0246905196061356,Extremely High (200001+)
2020,Trentino Alto Adige,F,218311,NordEst,8685,0.007741511078784249,0.03978269532914054,Low (1001-10000)
2020,Trentino Alto Adige,M,267864,NordEst,13715,0.012225080534890728,0.05120135591195532,Moderate (10001-50000)
2020,Umbria,F,156729,Centro,2967,0.0026446820231148947,0.018930765844227936,Low (1001-10000)
2020,Umbria,M,191635,Centro,5059,0.004509419061320612,0.026399144206434105,Low (1001-10000)
2020,Valle D'Aosta,F,24903,NordOvest,917,0.000817382344184819,0.036822872746255474,Very low (1-1000)
2020,Valle D'Aosta,M,28200,NordOvest,784,0.000698830706478624,0.027801418439716313,Very low (1-1000)
2020,Veneto,F,879002,NordEst,28060,0.025011721458916062,0.031922566729085944,Moderate (10001-50000)
2020,Veneto,M,1196425,NordEst,40872,0.03643189876938052,0.03416177361723468,Moderate (10001-50000)
2021,Abruzzo,F,193246,Sud,4369,0.003950535569287637,0.02260848866211979,Low (1001-10000)
2021,Abruzzo,M,291141,Sud,7206,0.006515806663375308,0.024750893896771663,Low (1001-10000)
2021,Basilicata,F,71774,Sud,1486,0.0013436703721587159,0.0207038760553961,Low (1001-10000)
2021,Basilicata,M,117292,Sud,2679,0.002422404392337281,0.02284043242505883,Low (1001-10000)
2021,Calabria,F,188903,Sud,2660,0.002405224219341981,0.014081300985161698,Low (1001-10000)
2021,Calabria,M,332060,Sud,5298,0.0047905556067946685,0.01595494790098175,Low (1001-10000)
2021,Campania,F,561556,Sud,6756,0.0061089078292761,0.012030857118435203,Low (1001-10000)
2021,Campania,M,1030539,Sud,13588,0.0122865363505334,0.013185333112089888,Moderate (10001-50000)
2021,Emilia Romagna,F,880939,NordEst,26608,0.024059475950470467,0.03020413445198816,Moderate (10001-50000)
2021,Emilia Romagna,M,1097504,NordEst,48373,0.04373981622640213,0.044075465784179375,Moderate (10001-50000)
2021,Friuli Venezia Giulia,F,225247,NordEst,6150,0.005560950732689167,0.02730336031112512,Low (1001-10000)
2021,Friuli Venezia Giulia,M,285053,NordEst,9828,0.008886670536726688,0.03447779886547414,Low (1001-10000)
2021,Lazio,F,988581,Centro,15385,0.013911419028036234,0.015562710592252935,Moderate (10001-50000)
2021,Lazio,M,1277166,Centro,22323,0.02018489483021468,0.017478542335138892,Moderate (10001-50000)
2021,Liguria,F,263270,NordOvest,7539,0.00681691180060872,0.02863600106354693,Low (1001-10000)
2021,Liguria,M,331330,NordOvest,11653,0.010536871363906807,0.03517037394742402,Moderate (10001-50000)
2021,Lombardia,F,1905304,NordOvest,38727,0.03501771366257778,0.020325890251634383,Moderate (10001-50000)
2021,Lombardia,M,2427213,NordOvest,67137,0.06070659338870774,0.027660118827643063,High (50001-100000)
2021,Marche,F,267301,Centro,5988,0.005414467152413453,0.022401711927751856,Low (1001-10000)
2021,Marche,M,349261,Centro,10472,0.00946898797930422,0.029983307612358664,Moderate (10001-50000)
2021,Molise,F,37198,Sud,686,0.000620294667093458,0.018441851712457654,Very low (1-1000)
2021,Molise,M,63078,Sud,1050,0.00094943061289815,0.016646057262436984,Low (1001-10000)
2021,Piemonte,F,782823,NordOvest,17421,0.015752410197427312,0.022254072759742623,Moderate (10001-50000)
2021,Piemonte,M,984477,NordOvest,24426,0.02208646871490497,0.02481114337866705,Moderate (10001-50000)
2021,Puglia,F,437889,Sud,8507,0.007692196403737682,0.019427297785511846,Low (1001-10000)
2021,Puglia,M,768872,Sud,16338,0.014773140336695223,0.021249310678500454,Moderate (10001-50000)
2021,Sardegna,F,240946,0,0,0.0,0.0,No injuries
2021,Sardegna,M,322251,0,0,0.0,0.0,No injuries
2021,Sicilia,F,469661,Sud,8235,0.007446248664015494,0.017533923404327804,Low (1001-10000)
2021,Sicilia,M,841203,Sud,15917,0.014392463871904631,0.018921710930655266,Moderate (10001-50000)
2021,Toscana,F,694121,Centro,16606,0.015015471197892084,0.02392378274104947,Moderate (10001-50000)
2021,Toscana,M,852161,Centro,26967,0.0243840907981185,0.031645428504707446,Moderate (10001-50000)
2021,Total,F,9510352,Total,201451,0.1821559489513765,0.021182286418000087,Extremely High (200001+)
2021,Total,M,13043604,Total,351512,0.3178440510486235,0.026948993545035563,Extremely High (200001+)
2021,Trentino Alto Adige,F,218097,NordEst,6720,0.006076355922548163,0.030811978156508338,Low (1001-10000)
2021,Trentino Alto Adige,M,268984,NordEst,14910,0.013481914703153736,0.055430806293311125,Moderate (10001-50000)
2021,Umbria,F,158790,Centro,3251,0.0029396180214589403,0.02047358145978966,Low (1001-10000)
2021,Umbria,M,195459,Centro,5839,0.005279738427345049,0.02987327265564645,Low (1001-10000)
2021,Valle D'Aosta,F,24950,NordOvest,553,0.000500033456126359,0.02216432865731463,Very low (1-1000)
2021,Valle D'Aosta,M,27791,NordOvest,777,0.000702578653544631,0.02795869166276852,Very low (1-1000)
2021,Veneto,F,899756,NordEst,23804,0.02152404410421674,0.026456061421096383,Moderate (10001-50000)
2021,Veneto,M,1180769,NordEst,46731,0.04225508759175569,0.03957675040587956,Moderate (10001-50000)
2022,Abruzzo,F,195905,Sud,7105,0.005154571862204256,0.03626757867333657,Low (1001-10000)
2022,Abruzzo,M,286944,Sud,8709,0.006318250013784218,0.030350869856139176,Low (1001-10000)
2022,Basilicata,F,69983,Sud,1651,0.001197775952779623,0.023591443636311674,Low (1001-10000)
2022,Basilicata,M,118778,Sud,2631,0.0019087513820491761,0.022150566603243025,Low (1001-10000)
2022,Calabria,F,192999,Sud,3901,0.002830117499571963,0.02021253996134696,Low (1001-10000)
2022,Calabria,M,335975,Sud,6375,0.00462496771591163,0.01897462608825061,Low (1001-10000)
2022,Campania,F,579919,Sud,13730,0.009960910861092812,0.02367572022989417,Moderate (10001-50000)
2022,Campania,M,1061381,Sud,19693,0.014286978702658468,0.018554129007396968,Moderate (10001-50000)
2022,Emilia Romagna,F,898132,NordEst,30083,0.021824769223179538,0.03349507644756005,Moderate (10001-50000)
2022,Emilia Romagna,M,1103140,NordEst,51838,0.037607698267831696,0.046991315698823366,High (50001-100000)
2022,Friuli Venezia Giulia,F,230742,NordEst,6858,0.004975377034623052,0.029721507137842263,Low (1001-10000)
2022,Friuli Venezia Giulia,M,289775,NordEst,10029,0.007275890387902391,0.03460961090501251,Moderate (10001-50000)
2022,Lazio,F,1020342,Centro,24936,0.01809069724925057,0.0244388646159817,Moderate (10001-50000)
2022,Lazio,M,1300541,Centro,29475,0.02138367426297965,0.022663645359892536,Moderate (10001-50000)
2022,Liguria,F,266341,NordOvest,14115,0.01024022263687728,0.05299597132998675,Moderate (10001-50000)
2022,Liguria,M,349775,NordOvest,14209,0.010308418239276605,0.040623257808591245,Moderate (10001-50000)
2022,Lombardia,F,1927460,NordOvest,55907,0.04055969726956416,0.02900553059466864,High (50001-100000)
2022,Lombardia,M,2496936,NordOvest,76583,0.0555598278568879,0.03067079012037153,High (50001-100000)
2022,Marche,F,282538,Centro,7416,0.005380197738227553,0.026247796756542482,Low (1001-10000)
2022,Marche,M,356723,Centro,11482,0.008330020284564288,0.032187439553939615,Moderate (10001-50000)
2022,Molise,F,40793,Sud,998,0.000724034161643891,0.02446498173706273,Very low (1-1000)
2022,Molise,M,62300,Sud,1432,0.001038894708891836,0.022985553772070625,Low (1001-10000)
2022,Piemonte,F,797062,NordOvest,25407,0.018432400746379106,0.0318758139266456,Moderate (10001-50000)
2022,Piemonte,M,988256,NordOvest,29032,0.02106228434954454,0.029377003529449858,Moderate (10001-50000)
2022,Puglia,F,453082,Sud,10726,0.007781553524842062,0.023673418939617993,Moderate (10001-50000)
2022,Puglia,M,813545,Sud,18874,0.013692806379626056,0.023199700078053456,Moderate (10001-50000)
2022,Sardegna,F,238337,0,0,0.0,0.0,No injuries
2022,Sardegna,M,327814,0,0,0.0,0.0,No injuries
2022,Sicilia,F,482748,Sud,12604,0.009144014602564737,0.02610886010920812,Moderate (10001-50000)
2022,Sicilia,M,854269,Sud,20133,0.01460619216069786,0.02356751795979955,Moderate (10001-50000)
2022,Toscana,F,730298,Centro,22012,0.01596937872355244,0.030141120474107826,Moderate (10001-50000)
2022,Toscana,M,887415,Centro,31128,0.02258290118602309,0.03507716231977147,Moderate (10001-50000)
2022,Total,F,9749198,Total,282783,0.20515486205625702,0.029005770525944802,Extremely High (200001+)
2022,Total,M,13350193,Total,406411,0.29484513794374295,0.03044233143296131,Extremely High (200001+)
2022,Trentino Alto Adige,F,230103,NordEst,7088,0.005142238614961825,0.03080359665019578,Low (1001-10000)
2022,Trentino Alto Adige,M,276217,NordEst,16046,0.011641134426591062,0.05809200737101627,Moderate (10001-50000)
2022,Umbria,F,157830,Centro,4198,0.003045586583748552,0.026598238611163907,Low (1001-10000)
2022,Umbria,M,194468,Centro,6528,0.004735966941093509,0.03356850484398462,Low (1001-10000)
2022,Valle D'Aosta,F,26050,NordOvest,761,0.000552094185381764,0.029213051823416505,Very low (1-1000)
2022,Valle D'Aosta,M,29114,NordOvest,908,0.0006587404997721969,0.031187744727622445,Very low (1-1000)
2022,Veneto,F,928534,NordEst,33287,0.02414922358581183,0.03584898345133296,Moderate (10001-50000)
2022,Veneto,M,1216827,NordEst,51306,0.0372217401776568,0.04216375869371735,High (50001-100000)
2023,Abruzzo,F,212042,Sud,1860,0.0038564728616272657,0.008771847086897879,Low (1001-10000)
2023,Abruzzo,M,290074,Sud,3129,0.006487582572060061,0.010786902652426622,Low (1001-10000)
2023,Basilicata,F,73520,Sud,639,0.001324885031494528,0.008691512513601741,Very low (1-1000)
2023,Basilicata,M,120655,Sud,1057,0.002191554739107537,0.0087605155194563,Low (1001-10000)
2023,Calabria,F,196407,Sud,1236,0.0025626884177265058,0.006293054728191969,Low (1001-10000)
2023,Calabria,M,342776,Sud,2236,0.004636060923977724,0.006523210493150046,Low (1001-10000)
2023,Campania,F,589552,Sud,3157,0.006545637002235095,0.005354913561483974,Low (1001-10000)
2023,Campania,M,1094401,Sud,5877,0.012185210219238409,0.005370060882619807,Low (1001-10000)
2023,Emilia Romagna,F,908128,NordEst,11249,0.023323367322819952,0.012387020331935587,Moderate (10001-50000)
2023,Emilia Romagna,M,1115022,NordEst,20488,0.042479255908074956,0.018374525345688248,Moderate (10001-50000)
2023,Friuli Venezia Giulia,F,231915,NordEst,2516,0.005216605225728065,0.010848802362934696,Low (1001-10000)
2023,Friuli Venezia Giulia,M,288001,NordEst,4062,0.008422039120392449,0.014104117694035785,Low (1001-10000)
2023,Lazio,F,1037458,Centro,7001,0.014515680916264777,0.006748224988385072,Low (1001-10000)
2023,Lazio,M,1337948,Centro,10116,0.020974236273237322,0.007560831960584418,Moderate (10001-50000)
2023,Liguria,F,280746,NordOvest,3071,0.006367326966697491,0.010938713285318402,Low (1001-10000)
2023,Liguria,M,352271,NordOvest,4943,0.01024868029839977,0.014031810736620387,Low (1001-10000)
2023,Lombardia,F,1978916,NordOvest,17176,0.035612246167370916,0.00867949928142478,Moderate (10001-50000)
2023,Lombardia,M,2521800,NordOvest,30413,0.0630574780326183,0.012060036481878025,Moderate (10001-50000)
2023,Marche,F,284720,Centro,2441,0.005061102287759224,0.008573335206518685,Low (1001-10000)
2023,Marche,M,356387,Centro,4462,0.009251388122892936,0.01252009753442185,Low (1001-10000)
2023,Molise,F,42427,Sud,278,0.000576397556737838,0.00655243123482688,Very low (1-1000)
2023,Molise,M,63886,Sud,465,0.000964118215406816,0.007278589988416868,Very low (1-1000)
2023,Piemonte,F,798529,NordOvest,7389,0.01532014944869025,0.009253264439989032,Low (1001-10000)
2023,Piemonte,M,1002332,NordOvest,11089,0.02299162772181976,0.011063200616163107,Moderate (10001-50000)
2023,Puglia,F,469897,Sud,3887,0.008059198931798484,0.008272025571561427,Low (1001-10000)
2023,Puglia,M,822749,Sud,7421,0.01538649736889029,0.009019761798555816,Low (1001-10000)
2023,Sardegna,F,247647,0,0,0.0,0.0,No injuries
2023,Sardegna,M,329062,0,0,0.0,0.0,No injuries
2023,Sicilia,F,516568,Sud,3763,0.007802100741023333,0.00728461693329823,Low (1001-10000)
2023,Sicilia,M,894208,Sud,7036,0.01458824895398357,0.007868415402233037,Low (1001-10000)
2023,Toscana,F,728098,Centro,7230,0.01499048322019631,0.009929981952978856,Low (1001-10000)
2023,Toscana,M,899937,Centro,11957,0.02479131505724581,0.013286485609548225,Moderate (10001-50000)
2023,Total,F,9988556,Total,87715,0.1818658693858256,0.008781549605368383,High (50001-100000)
2023,Total,M,13591391,Total,153438,0.3181341306141744,0.011289352208320691,Very High (100001-200000)
2023,Trentino Alto Adige,F,231241,NordEst,2952,0.006120595638453595,0.012765902240519631,Low (1001-10000)
2023,Trentino Alto Adige,M,276467,NordEst,6118,0.012684892993244951,0.022129223379282158,Low (1001-10000)
2023,Umbria,F,160107,Centro,1544,0.003201287149651881,0.009643550875352108,Low (1001-10000)
2023,Umbria,M,201489,Centro,2768,0.005739095097303372,0.013737722654834755,Low (1001-10000)
2023,Valle D'Aosta,F,26767,NordOvest,221,0.000458215323881519,0.00825643516270034,Very low (1-1000)
2023,Valle D'Aosta,M,30046,NordOvest,357,0.0007401939847316839,0.011881781268721294,Very low (1-1000)
2023,Veneto,F,973871,NordEst,10105,0.02095142917566856,0.010376117576147148,Moderate (10001-50000)
2023,Veneto,M,1251880,NordEst,19444,0.040314655011548683,0.015531840112470845,Moderate (10001-50000)
2024,Abruzzo,F,0,Sud,1726,0.003503202812304645,0.0,Low (1001-10000)
2024,Abruzzo,M,0,Sud,3016,0.006121471426367792,0.0,Low (1001-10000)
2024,Basilicata,F,0,Sud,605,0.001227947683339693,0.0,Very low (1-1000)
2024,Basilicata,M,0,Sud,1052,0.002135208203096457,0.0,Low (1001-10000)
2024,Calabria,F,0,Sud,1314,0.002666980588278275,0.0,Low (1001-10000)
2024,Calabria,M,0,Sud,2364,0.004798129460190139,0.0,Low (1001-10000)
2024,Campania,F,0,Sud,2904,0.005894148880030526,0.0,Low (1001-10000)
2024,Campania,M,0,Sud,5922,0.012019679637582912,0.0,Low (1001-10000)
2024,Emilia Romagna,F,0,NordEst,11712,0.023771443416982615,0.0,Moderate (10001-50000)
2024,Emilia Romagna,M,0,NordEst,20457,0.04152086902162,0.0,Moderate (10001-50000)
2024,Friuli Venezia Giulia,F,0,NordEst,2563,0.005202032913057245,0.0,Low (1001-10000)
2024,Friuli Venezia Giulia,M,0,NordEst,4091,0.00830336193808708,0.0,Low (1001-10000)
2024,Lazio,F,0,Centro,6914,0.014033107905141548,0.0,Low (1001-10000)
2024,Lazio,M,0,Centro,10363,0.021033424532973948,0.0,Moderate (10001-50000)
2024,Liguria,F,0,NordOvest,3050,0.00619048005650589,0.0,Low (1001-10000)
2024,Liguria,M,0,NordOvest,4911,0.009967687723770631,0.0,Low (1001-10000)
2024,Lombardia,F,0,NordOvest,17766,0.03605903891274873,0.0,Moderate (10001-50000)
2024,Lombardia,M,0,NordOvest,30694,0.06229855568996452,0.0,Moderate (10001-50000)
2024,Marche,F,0,Centro,2433,0.004938176386058633,0.0,Low (1001-10000)
2024,Marche,M,0,Centro,4504,0.009141613827705748,0.0,Low (1001-10000)
2024,Molise,F,0,Sud,268,0.000543950378735599,0.0,Very low (1-1000)
2024,Molise,M,0,Sud,522,0.00105948543917904,0.0,Very low (1-1000)
2024,Piemonte,F,0,NordOvest,7611,0.015447784822972568,0.0,Low (1001-10000)
2024,Piemonte,M,0,NordOvest,11606,0.02355629886419913,0.0,Moderate (10001-50000)
2024,Puglia,F,0,Sud,4135,0.00839266722414815,0.0,Low (1001-10000)
2024,Puglia,M,0,Sud,7684,0.015595950411210249,0.0,Low (1001-10000)
2024,Sicilia,F,0,Sud,3908,0.007931933134696726,0.0,Low (1001-10000)
2024,Sicilia,M,0,Sud,7263,0.014741461196853206,0.0,Low (1001-10000)
2024,Toscana,F,0,Centro,7388,0.01499516939589033,0.0,Low (1001-10000)
2024,Toscana,M,0,Centro,12554,0.025480421845696703,0.0,Moderate (10001-50000)
2024,Total,F,0,Total,89678,0.18201635098601154,0.0,High (50001-100000)
2024,Total,M,0,Total,156668,0.31798364901398846,0.0,Very High (100001-200000)
2024,Trentino Alto Adige,F,0,NordEst,3268,0.006632947155626639,0.0,Low (1001-10000)
2024,Trentino Alto Adige,M,0,NordEst,6693,0.01358455180924391,0.0,Low (1001-10000)
2024,Umbria,F,0,Centro,1664,0.00337736354558223,0.0,Low (1001-10000)
2024,Umbria,M,0,Centro,2821,0.005725686635869875,0.0,Low (1001-10000)
2024,Valle D'Aosta,F,0,NordOvest,238,0.000483060410966689,0.0,Very low (1-1000)
2024,Valle D'Aosta,M,0,NordOvest,361,0.0007327092788192211,0.0,Very low (1-1000)
2024,Veneto,F,0,NordEst,10211,0.0207249153629448,0.0,Moderate (10001-50000)
2024,Veneto,M,0,NordEst,19790,0.04016708207155789,0.0,Moderate (10001-50000)
